lga_id,state,lga,unique_lga,pop_2006,zone,area_sq_km,surveying_effort,pop_density_2006,unique_lga_2013,longitude,latitude
1,Borno,Abadam,borno_abadam,100180,Northeast,3967.05423,Others,25.25299484,borno_abadam,13.3256740721,13.4282932327
2,FCT,Abaji,fct_abaji,58444,North-Central,992.3612415,113,58.8938760966,fct_abaji,6.8534137495,8.8775656124
3,Akwa Ibom,Abak,akwa_ibom_abak,139090,South-South,189.9845631,Others,732.1121133762,akwa_ibom_abak,7.7722791992,5.0198868447
4,Ebonyi,Abakaliki,ebonyi_abakaliki,151723,Southeast,584.0551672,Others,259.7751180379,ebonyi_abakaliki,8.2198818737,6.2586810993
5,Abia,Aba North,abia_aba_north,107488,Southeast,22.77506109,Others,4719.5482626914,abia_aba_north,7.3716436201,5.1069003681
6,Abia,Aba South,abia_aba_south,423852,Southeast,49.16654183,Others,8620.7405325664,abia_aba_south,7.3506500855,5.0813456876
7,Ogun,Abeokuta North,ogun_abeokuta_north,201329,Southwest,808.8314933,Others,248.9134036789,ogun_abeokuta_north,3.1735877036,7.2230048557
8,Ogun,Abeokuta South,ogun_abeokuta_south,250278,Southwest,71.47153479,Others,3501.7857212018,ogun_abeokuta_south,3.3569435777,7.1531180706
9,Cross River,Abi,cross_river_abi,144802,South-South,281.7728248,Others,513.8962570389,cross_river_abi,8.0266890977,5.8930884708
10,Imo,Aboh Mbaise,imo_aboh_mbaise,195652,Southeast,184.4838696,Others,1060.5371647083,imo_aboh_mbaise,7.2522475845,5.4326162343
11,Rivers,Abua Odual,rivers_abua_odual,282988,South-South,704.3381151,Others,401.7786258235,rivers_abua_odual,6.562096308,4.8385395643
12,Kogi,Adavi,kogi_adavi,202194,North-Central,718.5035981,Others,281.4098642438,kogi_adavi,6.444590434,7.6742325734
13,Ekiti,Ado-Ekiti,ekiti_ado_ekiti,308621,Southwest,293.6513001,Others,1050.9778090371,ekiti_ado_ekiti,5.2799745686,7.6104262709
14,Ogun,Ado-Odo/Ota,ogun_ado_odo_ota,526565,Southwest,878.9164562,148,599.1069984929,ogun_ado_odo_ota,3.0846251407,6.6188410235
15,Oyo,Afijio,oyo_afijio,134173,Southwest,722.6936659,Others,185.6568091446,oyo_afijio,3.9012550944,7.7421182648
16,Ebonyi,Afikpo North,ebonyi_afikpo_north,156611,Southeast,240.1574665,Others,652.117971939,ebonyi_afikpo_north,7.9233964975,5.8784285082
17,Ebonyi,Afikpo South,ebonyi_afikpo_south,157072,Southeast,377.6751961,113,415.8917546664,ebonyi_afikpo_south,7.8136373397,5.8371914721
18,Niger,Agaie,niger_agaie,132907,North-Central,1904.354705,Others,69.7910949316,niger_agaie,6.44045921,8.9462353522
19,Benue,Agatu,benue_agatu,115523,North-Central,1014.608427,Others,113.8596890444,benue_agatu,7.8821583748,7.8698384521
20,Niger,Agwara,niger_agwara,57413,North-Central,1539.668996,148,37.2891836811,niger_agwara,4.5276408724,10.7410217674
21,Lagos,Agege,lagos_agege,459939,Southwest,11.21455704,Others,41012.6765024684,lagos_agege,3.3160026725,6.6235798643
22,Anambra,Aguata,anambra_aguata,370172,Southeast,195.1025738,Others,1897.3199214658,anambra_aguata,7.0880433022,5.9886209375
23,Imo,Ahiazu-Mbaise,imo_ahiazu_mbaise,170902,Southeast,113.7162833,Others,1502.8806345098,imo_ahiazu_mbaise,7.2641819935,5.5602000065
24,Rivers,Ahoada East,rivers_ahoada_east,166747,South-South,341.173834,Others,488.7449838841,rivers_ahoada_east,6.6410197957,5.0653591887
25,Rivers,Ahoada West,rivers_ahoada_west,249425,South-South,403.4593903,Others,618.2158749968,rivers_ahoada_west,6.516605685,5.0517630768
26,Kogi,Ajaokuta,kogi_ajaokuta,122321,North-Central,1362.399481,113,89.7835045491,kogi_ajaokuta,6.5963902016,7.5147412143
27,Lagos,Ajeromi-Ifelodun,lagos_ajeromi_ifelodun,684105,Southwest,12.34939094,148,55395.8493438058,lagos_ajeromi_ifelodun,3.3374815016,6.4535619256
28,Kano,Ajingi,kano_ajingi,174137,Northwest,713.7992546,Others,243.957945988,kano_ajingi,9.0690927696,11.9731312991
29,Cross River,Akamkpa,cross_river_akamkpa,151125,South-South,5001.719905,Others,30.2146067494,cross_river_akamkpa,8.5339800084,5.4094564284
30,Oyo,Akinyele,oyo_akinyele,211359,Southwest,518.8703114,Others,407.3445625164,oyo_akinyele,3.9313943897,7.5624322871
31,Gombe,Akko,gombe_akko,337853,Northeast,2624.324378,113,128.7390395914,gombe_akko,11.0455625728,10.1083634089
32,Edo,Akoko-Edo,edo_akoko_edo,262110,South-South,1371.71971,148,191.0813106272,edo_akoko_edo,6.1341955977,7.3628927306
33,Ondo,Akoko North East,ondo_akoko_north_east,175409,Southwest,372.5399552,113,470.8461402639,ondo_akoko_north_east,5.8184266751,7.5386360866
34,Ondo,Akoko North West,ondo_akoko_north_west,213792,Southwest,512.7781109,Pilot,416.9288732406,ondo_akoko_north_west,5.7945302432,7.6426926155
35,Ondo,Akoko South West,ondo_akoko_south_west,229486,Southwest,530.374779,Others,432.6864871529,ondo_akoko_south_west,5.6875677793,7.3983500818
36,Ondo,Akoko South East,ondo_akoko_south_east,82426,Southwest,225.6997583,Others,365.201986129,ondo_akoko_south_east,5.908767586,7.4297030133
37,Cross River,Akpabuyo,cross_river_akpabuyo,271395,South-South,807.2272151,Others,336.2064545438,cross_river_akpabuyo,8.4919544046,4.8899851293
38,Rivers,Akuku Toru,rivers_akuku_toru,156006,South-South,1443.84585,113,108.0489305697,rivers_akuku_toru,6.6797835678,4.5317448432
39,Ondo,Akure North,ondo_akure_north,131587,Southwest,660.5878138,148,199.1968323531,ondo_akure_north,5.314265397,7.2667354323
40,Ondo,Akure South,ondo_akure_south,353211,Southwest,331.7273761,Others,1064.7628909998,ondo_akure_south,5.2021213303,7.2105325892
41,Nasarawa,Akwanga,nasarawa_akwanga,113430,North-Central,995.9315374,113,113.89337092,nasarawa_akwanga,8.3409011597,9.0201699123
42,Kano,Albasu,kano_albasu,190153,Northwest,398.1321219,Others,477.6128062527,kano_albasu,9.1203251758,11.6263907329
43,Kebbi,Aliero,kebbi_aliero,65972,Northwest,350.836564,Others,188.0419738691,kebbi_aliero,4.4311590461,12.309417934
44,Lagos,Alimosho,lagos_alimosho,1277714,Southwest,185.4670447,Others,6889.1699981889,lagos_alimosho,3.2587909652,6.574395774
45,Bauchi,Alkaleri,bauchi_alkaleri,329424,Northeast,5913.769484,148,55.704572336,bauchi_alkaleri,10.4757845967,9.8800584083
46,Lagos,Amuwo-Odofin,lagos_amuwo_odofin,318166,Southwest,134.7728785,Others,2360.7568788404,lagos_amuwo_odofin,3.2902544502,6.4335109613
47,Anambra,Anambra East,anambra_anambra_east,153331,Southeast,250.7540066,148,611.4797608981,anambra_anambra_east,6.8821478253,6.3136218856
48,Anambra,Anambra West,anambra_anambra_west,167416,Southeast,953.9856429,113,175.4911106325,anambra_anambra_west,6.8096728473,6.4986264202
49,Anambra,Anaocha,anambra_anaocha,285002,Southeast,104.3814037,Others,2730.3905666867,anambra_anaocha,7.0166073004,6.0897176062
50,Rivers,Andoni,rivers_andoni,211009,South-South,232.8566638,148,906.1754839073,rivers_andoni,7.3942423314,4.5009734731
51,Enugu,Aninri,enugu_aninri,133723,Southeast,363.620773,113,367.7540171777,enugu_aninri,7.6042103352,6.0501036482
52,Delta,Aniocha North,delta_aniocha_north,104711,South-South,406.4548554,Others,257.6202464034,delta_aniocha_north,6.4812971327,6.3628128998
53,Delta,Aniocha South,delta_aniocha_south,140604,South-South,868.3593697,Others,161.9191372906,delta_aniocha_south,6.4844286284,6.1341721666
54,Zamfara,Anka,zamfara_anka,142280,Northwest,2747.685621,148,51.7817609528,zamfara_anka,5.9812714762,11.9318609176
55,Kogi,Ankpa,kogi_ankpa,267353,North-Central,1199.642852,Others,222.8604951501,kogi_ankpa,7.6419241027,7.439313937
56,Benue,Apa,benue_apa,96765,North-Central,995.3105558,Others,97.2209120421,benue_apa,7.8775693464,7.6257239514
57,Lagos,Apapa,lagos_apapa,217362,Southwest,26.69798227,148,8141.5141339818,lagos_apapa,3.3637755746,6.4409266045
58,Benue,Ado,benue_ado,178882,North-Central,1220.34734,113,146.5828573036,benue_ado,7.9937172632,6.7982358629
59,Taraba,Ardo-Kola,taraba_ardo_kola,86921,Northeast,2259.677362,Others,38.4661108978,taraba_ardo_kola,11.1720614004,8.8111165903
60,Kebbi,Arewa-Dandi,kebbi_arewa_dandi,184030,Northwest,3905.053023,148,47.1261206739,kebbi_arewa_dandi,4.0515041486,12.7538701827
61,Kebbi,Argungu,kebbi_argungu,195484,Northwest,1296.852371,Others,150.7372807972,kebbi_argungu,4.4195976952,12.6954334834
62,Abia,Arochukwu,abia_arochukwu,170206,Southeast,524.2567225,148,324.661549762,abia_arochukwu,7.8078849331,5.5157290419
63,Kwara,Asa,kwara_asa,126435,North-Central,1287.347609,113,98.213566496,kwara_asa,4.4362263909,8.4308838015
64,Rivers,Asari Toru,rivers_asari_toru,220100,South-South,112.6520335,148,1953.8040562757,rivers_asari_toru,6.8526375064,4.7522783976
65,Borno,Askira/Uba,borno_askira_uba,138091,Northeast,2358.381062,Others,58.553302613,borno_askira_uba,12.9282883412,10.6401978239
66,Osun,Atakunmosa East,osun_atakunmosa_east,76197,Southwest,238.2650173,113,319.7993598198,osun_atakunmosa_east,4.7881108864,7.4626516736
67,Osun,Atakunmosa West,osun_atakunmosa_west,68643,Southwest,577.5501469,Others,118.8520172117,osun_atakunmosa_west,4.667380271,7.517314652
68,Oyo,Atiba,oyo_atiba,169702,Southwest,1758.790555,Others,96.4878959109,oyo_atiba,3.9043178012,8.2481738771
69,Oyo,Atisbo,oyo_atisbo,110792,Southwest,3001.526959,Others,36.9118790247,oyo_atisbo,3.2325964568,8.3785396719
70,Kebbi,Augie,kebbi_augie,117287,Northwest,1186.471422,113,98.8536241373,kebbi_augie,4.5955675132,12.9112996835
71,Jigawa,Auyo,jigawa_auyo,132001,Northwest,512.172425,Others,257.7276588055,jigawa_auyo,10.0133588074,12.3516329914
72,Nasarawa,Awe,nasarawa_awe,112574,North-Central,2556.076115,148,44.0417244774,nasarawa_awe,9.2294667616,8.2472325265
73,Enugu,Awgu,enugu_awgu,198134,Southeast,446.2643807,Others,443.9834514447,enugu_awgu,7.4533224261,6.1490265299
74,Anambra,Awka North,anambra_awka_north,112608,Southeast,351.8354191,113,320.0587373723,anambra_awka_north,7.0589196447,6.3414125764
75,Anambra,Awka South,anambra_awka_south,189049,Southeast,170.2695131,Others,1110.2927151085,anambra_awka_south,7.087011892,6.1953798798
76,Anambra,Ayamelum,anambra_ayamelum,158410,Southeast,588.7147858,148,269.077665146,anambra_ayamelum,6.9885922486,6.559317604
77,Osun,Ayedaade,osun_ayedaade,150392,Southwest,1114.304827,148,134.964864511,osun_ayedaade,4.3037485063,7.3115282639
78,Osun,Ayedire,osun_ayedire,75846,Southwest,262.7702763,Others,288.639952235,osun_ayedire,4.2426622868,7.577408491
79,Jigawa,Babura,jigawa_babura,208101,Northwest,992.2082479,Others,209.7352047218,jigawa_babura,8.8634062278,12.6091380353
80,Lagos,Badagry,lagos_badagry,241093,Southwest,442.0402377,148,545.4096243691,lagos_badagry,2.9196821924,6.4379830044
81,Kebbi,Bagudo,kebbi_bagudo,237817,Northwest,4787.4212,Others,49.6753868241,kebbi_bagudo,3.9362957196,11.3354986912
82,Kano,Bagwai,kano_bagwai,162847,Northwest,404.9529866,148,402.1380392012,kano_bagwai,8.1412535985,12.0963469782
83,Cross River,Bakassi,cross_river_bakassi,32385,South-South,459.2999514,Others,70.5094783949,cross_river_bakassi,8.5973511181,4.6156950468
84,Plateau,Bokkos,plateau_bokkos,178454,North-Central,1681.848926,Others,106.1058441345,plateau_bokkos,8.9218074103,9.2133523323
85,Katsina,Bakori,katsina_bakori,149371,Northwest,678.9700465,Others,219.9964501674,katsina_bakori,7.4284959084,11.6305166621
86,Zamfara,Bakura,zamfara_bakura,186905,Northwest,1367.151368,148,136.7112701452,zamfara_bakura,5.8618351603,12.6193909186
87,Gombe,Balanga,gombe_balanga,212549,Northeast,1624.482141,113,130.8410813733,gombe_balanga,11.6586518132,9.8434366084
88,Taraba,Bali,taraba_bali,208935,Northeast,9137.655586,113,22.8652741432,taraba_bali,10.9979788961,8.1334575578
89,Borno,Bama,borno_bama,269986,Northeast,4987.631862,Others,54.1311001834,borno_bama,14.1003640515,11.5485267212
90,Yobe,Barde,yobe_barde,139782,Northeast,770.8328737,Others,181.3389189398,yobe_barde,10.9090551117,12.7254009079
91,Plateau,Barkin-Ladi,plateau_barkin_ladi,175267,North-Central,1031.680894,148,169.8848946601,plateau_barkin_ladi,8.9232144878,9.5441441184
92,Kwara,Baruten,kwara_baruten,209459,North-Central,9762.197441,Others,21.4561323171,kwara_baruten,3.3832843013,9.2918131457
93,Kogi,Bassa,kogi_bassa,139993,North-Central,1925.799483,148,72.6934456239,kogi_bassa,7.0322934106,7.7907614903
94,Plateau,Bassa,plateau_bassa,186859,North-Central,1718.597314,148,108.7276225081,plateau_bassa,8.7823256426,10.0771620458
95,Katsina,Batagarawa,katsina_batagarawa,184575,Northwest,432.5809934,Others,426.6831016991,katsina_batagarawa,7.5738488369,12.8968899395
96,Katsina,Batsari,katsina_batsari,208978,Northwest,1107.146394,Others,188.7537195917,katsina_batsari,7.2349595025,12.7863964304
97,Bauchi,Bauchi,bauchi_bauchi,493810,Northeast,3685.260294,Others,133.9959624572,bauchi_bauchi,9.9356433243,10.2338524483
98,Katsina,Baure,katsina_baure,197425,Northwest,706.4039737,Others,279.4788921783,katsina_baure,8.788953058,12.7902585538
99,Borno,Bayo,borno_bayo,78978,Northeast,955.1491099,Others,82.6865660884,borno_bayo,11.6987937856,10.4022705405
100,Kano,Bebeji,kano_bebeji,188859,Northwest,716.7853126,Others,263.4805661893,kano_bebeji,8.3121637926,11.5048158774
101,Cross River,Bekwara,cross_river_bekwara,105822,South-South,305.5696255,Others,346.3105988589,cross_river_bekwara,8.9097223324,6.6980307041
102,Abia,Bende,abia_bende,192111,Southeast,601.5304693,Others,319.3703557919,abia_bende,7.6109510932,5.6642395915
103,Cross River,Biase,cross_river_biase,169183,South-South,1310.419734,Others,129.1059617086,cross_river_biase,8.0730695567,5.5410992834
104,Kano,Bichi,kano_bichi,277099,Northwest,611.7439466,Others,452.9656591456,kano_bichi,8.2725794822,12.261810667
105,Niger,Bida,niger_bida,188181,North-Central,51.05643395,Others,3685.7450754255,niger_bida,6.0171324285,9.0962015355
106,Gombe,Billiri,gombe_billiri,202144,Northeast,735.9631105,Others,274.6659406103,gombe_billiri,11.1201157098,9.8181942691
107,Katsina,Bindawa,katsina_bindawa,152356,Northwest,398.1057134,Others,382.7023699279,katsina_bindawa,7.8578081108,12.7185335356
108,Sokoto,Binji,sokoto_binji,105027,Northwest,559.2668578,113,187.7940709971,sokoto_binji,4.8396419174,13.196061256
109,Jigawa,Biriniwa,jigawa_biriniwa,142329,Northwest,1566.520263,148,90.8567883619,jigawa_biriniwa,10.0756376285,12.8299778844
110,Kaduna,Birnin Gwari,kaduna_birnin_gwari,252363,Northwest,6187.88964,113,40.7833711785,kaduna_birnin_gwari,6.6436032089,10.8751427509
111,Kebbi,Birnin-Kebbi,kebbi_birnin_kebbi,268420,Northwest,1328.451749,Others,202.0547605151,kebbi_birnin_kebbi,4.2689647069,12.4736370177
112,Jigawa,Birnin-Kudu,jigawa_birnin_kudu,313373,Northwest,1417.312968,Others,221.1036003165,jigawa_birnin_kudu,9.4844763166,11.4746012172
113,Zamfara,Birnin-Magaji,zamfara_birnin_magaji,178619,Northwest,1188.003269,148,150.3522798808,zamfara_birnin_magaji,6.8954819314,12.4355359133
114,Borno,Biu,borno_biu,176072,Northeast,3311.145421,Others,53.1755563749,borno_biu,12.0882885912,10.799471997
115,Sokoto,Bodinga,sokoto_bodinga,175406,Northwest,564.6039522,Others,310.6708681661,sokoto_bodinga,5.1800827252,12.8377693539
116,Bauchi,Bogoro,bauchi_bogoro,84215,Northeast,893.7797415,Others,94.2234379341,bauchi_bogoro,9.61674146,9.6238925589
117,Cross River,Boki,cross_river_boki,186141,South-South,2770.246399,113,67.1929399736,cross_river_boki,9.0068992264,6.2709114436
118,Osun,Boluwaduro,osun_boluwaduro,70775,Southwest,143.7813218,Others,492.2405714036,osun_boluwaduro,4.8027755094,7.9316851227
119,Delta,Bomadi,delta_bomadi,86644,South-South,128.9961006,148,671.6792181856,delta_bomadi,5.8595254014,5.2041846215
120,Rivers,Bonny,rivers_bonny,215358,South-South,641.7583111,Others,335.5749294947,rivers_bonny,7.1959157446,4.5102361099
121,Niger,Borgu,niger_borgu,171965,North-Central,11279.79145,Others,15.2454059778,niger_borgu,4.1503319486,10.3194422474
122,Osun,Boripe,osun_boripe,139358,Southwest,132.0668869,Others,1055.2077305004,osun_boripe,4.6694637631,7.8558501358
123,Yobe,Bosari,yobe_bosari,109124,Northeast,3814.334712,Others,28.6089208838,yobe_bosari,11.417315111,12.7171060473
124,Niger,Bosso,niger_bosso,147359,North-Central,1592.903744,Others,92.5096701888,niger_bosso,6.4159874806,9.6120506368
125,Bayelsa,Brass,bayelsa_brass,185049,South-South,1404.369323,113,131.7666207666,bayelsa_brass,6.2912013491,4.4457687334
126,Jigawa,Buji,jigawa_buji,97371,Northwest,548.2123905,Others,177.615467449,jigawa_buji,9.7285331197,11.5958076156
127,Zamfara,Bukkuyum,zamfara_bukkuyum,211633,Northwest,3215.815702,113,65.8100524444,zamfara_bukkuyum,5.5807566705,11.9473559906
128,Benue,Buruku,benue_buruku,203721,North-Central,1245.273739,Others,163.5953554787,benue_buruku,9.133027327,7.3829980094
129,Zamfara,Bungudu,zamfara_bungudu,257917,Northwest,2293.483548,Others,112.4564421772,zamfara_bungudu,6.5403474838,12.1116265864
130,Kano,Bunkure,kano_bunkure,170891,Northwest,487.1624405,148,350.7885374427,kano_bunkure,8.5978517875,11.6687544855
131,Kebbi,Bunza,kebbi_bunza,121461,Northwest,877.4128801,113,138.4308376988,kebbi_bunza,3.9182832842,12.1622641493
132,Delta,Burutu,delta_burutu,209666,South-South,1938.904411,148,108.136326273,delta_burutu,5.5880640922,5.2356956128
133,FCT,Bwari,fct_bwari,227216,North-Central,914.4087127,113,248.4840715582,fct_bwari,7.5030352306,9.276258345
134,Cross River,Calabar-Municipal,cross_river_calabar_municipal,179392,South-South,184.0515169,Others,974.6836267449,cross_river_calabar_municipal,8.3307652379,4.8634421687
135,Cross River,Calabar South,cross_river_calabar_south,191630,South-South,141.5588795,Others,1353.7123257605,cross_river_calabar_south,8.3612226057,5.0088904312
136,Niger,Chanchaga,niger_chanchaga,201429,North-Central,72.39311831,Others,2782.4329812324,niger_chanchaga,6.5457835662,9.6188270492
137,Katsina,Charanchi,katsina_charanchi,137613,Northwest,470.7862384,Others,292.3046358952,katsina_charanchi,7.6769154995,12.605473308
138,Borno,Chibok,borno_chibok,66105,Northeast,1347.776295,148,49.047457093,borno_chibok,12.7751690095,10.8294891958
139,Kaduna,Chikun,kaduna_chikun,368250,Northwest,4646.43162,Others,79.2543676775,kaduna_chikun,7.2181810641,10.3775258988
140,Kano,Dala,kano_dala,418777,Northwest,19.05526127,Others,21976.9749711755,kano_dala,8.5028578623,12.008303447
141,Yobe,Damaturu,yobe_damaturu,88014,Northeast,2363.534904,Others,37.2382907699,yobe_damaturu,11.9731543709,11.7912459541
142,Bauchi,Dambam,bauchi_dambam,150922,Northeast,1076.43495,Others,140.2054067457,bauchi_damban,10.7868182412,11.6167797305
143,Kano,Dambatta,kano_dambatta,207968,Northwest,731.5852426,Others,284.270359611,kano_dambatta,8.6397509124,12.4265601777
144,Borno,Damboa,borno_damboa,231573,Northeast,6209.867213,148,37.291135552,borno_damboa,12.7625647892,11.1197674405
145,Kebbi,Dandi,kebbi_dandi,144273,Northwest,2005.22066,Others,71.9486901756,kebbi_dandi,3.8039110876,11.8364989312
146,Katsina,Dandume,katsina_dandume,145739,Northwest,422.5749158,Others,344.8832255556,katsina_dandume,7.1973059602,11.4142897941
147,Sokoto,Dange/shuni,sokoto_dange_shuni,194546,Northwest,1210.918596,Others,160.6598500037,sokoto_dange_shuni,5.4230270751,12.8290807683
148,Katsina,Danja,katsina_danja,125703,Northwest,501.0820692,Others,250.8630975375,katsina_danja,7.56652914,11.4014178614
149,Katsina,Dan-Musa,katsina_dan_musa,113691,Northwest,791.6839094,Others,143.6065564174,katsina_dan_musa,7.328215553,12.2277913774
150,Bauchi,Darazo,bauchi_darazo,251597,Northeast,3012.367435,Others,83.5213517039,bauchi_darazo,10.6097248958,11.1500409339
151,Bauchi,Dass,bauchi_dass,89943,Northeast,534.8070758,Others,168.1784031474,bauchi_dass,9.485248632,10.0167698063
152,Katsina,Daura,katsina_daura,219721,Northwest,316.0199395,Others,695.2757485735,katsina_daura,8.2510157212,12.9880948361
153,Kano,Dawakin-Kudu,kano_dawakin_kudu,225389,Northwest,384.1754789,Others,586.6824208701,kano_dawakin_kudu,8.6711909289,11.8035891052
154,Kano,Dawakin-Tofa,kano_dawakin_tofa,247875,Northwest,479.0294949,Others,517.4524797304,kano_dawakin_tofa,8.3969958875,12.1355646055
155,Rivers,Degema,rivers_degema,249773,South-South,1010.90431,148,247.0787764274,rivers_degema,6.931440976,4.5768193737
156,Kogi,Dekina,kogi_dekina,260312,North-Central,2462.087526,Others,105.7281665461,kogi_dekina,7.1828322118,7.5681717832
157,Adamawa,Demsa,adamawa_demsa,180251,Northeast,1823.065418,Others,98.8724805047,adamawa_demsa,12.0482679939,9.3832504562
158,Borno,Dikwa,borno_dikwa,105909,Northeast,1770.811943,148,59.8081577316,borno_dikwa,14.0310181262,11.9150683441
159,Kano,Doguwa,kano_doguwa,151181,Northwest,1472.915186,Others,102.6406689516,kano_doguwa,8.676291625,10.8436371092
160,Nasarawa,Doma,nasarawa_doma,139607,North-Central,2714.059155,Others,51.4384514217,nasarawa_doma,8.2845865674,8.1625498368
161,Taraba,Donga,taraba_donga,134111,Northeast,3118.949104,Others,42.9987779627,taraba_donga,10.2499848158,7.6387644641
162,Gombe,Dukku,gombe_dukku,207190,Northeast,3812.178384,113,54.3495028642,gombe_dukku,10.8297531893,10.786570894
163,Anambra,Dunukofia,anambra_dunukofia,96382,Southeast,65.57204442,148,1469.8641906398,anambra_dunukofia,6.9645430184,6.2332140088
164,Jigawa,Dutse,jigawa_dutse,246143,Northwest,1098.712016,Others,224.028677593,jigawa_dutse,9.31743211,11.801790108
165,Katsina,Dutsi,katsina_dutsi,120023,Northwest,282.9339234,Others,424.2085874952,katsina_dutsi,8.1430198557,12.9100276782
166,Katsina,Dutsin-Ma,katsina_dutsin_ma,169671,Northwest,526.7439147,Others,322.1128811647,katsina_dutsin_ma,7.5152663949,12.4472104243
167,Akwa Ibom,Eastern-Obolo,akwa_ibom_eastern_obolo,60543,South-South,120.4946734,Others,502.4537458101,akwa_ibom_eastern_obolo,7.6949819432,4.5181085611
168,Ebonyi,Ebonyi,ebonyi_ebonyi,126837,Southeast,443.482387,Others,286.0023390286,ebonyi_ebonyi,8.1185246454,6.504630254
169,Niger,Edati,niger_edati,160321,North-Central,1752.921383,148,91.4593213106,niger_edati,5.8440819589,8.9750723136
170,Osun,Ede North,osun_ede_north,83831,Southwest,110.9533927,Others,755.5514794096,osun_ede_north,4.4774169181,7.7299737589
171,Osun,Ede South,osun_ede_south,76035,Southwest,218.8913946,113,347.3640438855,osun_ede_south,4.458203916,7.6594513411
172,Kwara,Edu,kwara_edu,201469,North-Central,2543.735125,Others,79.2020356286,kwara_edu,5.1883282317,8.8967199989
173,Osun,Ife-Central,osun_ife_central,167254,Southwest,111.0257948,Others,1506.4427172198,osun_ife_central,4.5338694594,7.5449819972
174,Osun,Ife-East,osun_ife_east,188087,Southwest,172.0418304,Others,1093.2631881601,osun_ife_east,4.6018623238,7.4261048792
175,Osun,Ife-North,osun_ife_north,153694,Southwest,890.436192,Others,172.6052932044,osun_ife_north,4.4575461231,7.2681640402
176,Osun,Ife-South,osun_ife_south,135338,Southwest,730.6872159,148,185.220155841,osun_ife_south,4.5953883836,7.2262104307
177,Ekiti,Efon,ekiti_efon,86941,Southwest,232.2607155,148,374.3250330252,ekiti_efon,4.9349471714,7.6914083382
178,Ogun,Yewa North,ogun_yewa_north,181826,Southwest,2089.817587,113,87.0056798886,ogun_egbado_north,2.9039364811,7.1256891104
179,Ogun,Yewa South,ogun_yewa_south,168850,Southwest,629.4931107,Others,268.2316885283,ogun_egbado_south,2.9578228537,6.7907623115
180,Oyo,Egbeda,oyo_egbeda,281573,Southwest,190.8867095,Others,1475.079122782,oyo_egbeda,4.065901128,7.3856301019
181,Osun,Egbedore,osun_egbedore,74435,Southwest,270.7712688,Others,274.8999195147,osun_egbedore,4.4278548499,7.7972469484
182,Edo,Egor,edo_egor,339899,South-South,92.94754751,Others,3656.8904624776,edo_egor,5.5820832964,6.3566306045
183,Imo,Ehime-Mbano,imo_ehime_mbano,130931,Southeast,168.6249151,Others,776.4629557996,imo_ehime_mbano,7.2896147532,5.6788309053
184,Osun,Ejigbo,osun_ejigbo,132641,Southwest,373.5586672,Others,355.0740797803,osun_ejigbo,4.2699545981,7.8465217682
185,Bayelsa,Ekeremor,bayelsa_ekeremor,270257,South-South,1811.346174,148,149.202291577,bayelsa_ekeremor,5.7034240114,4.9450255595
186,Akwa Ibom,Eket,akwa_ibom_eket,172557,South-South,167.4831066,Others,1030.2949563273,akwa_ibom_eket,7.9480863365,4.6370942322
187,Kwara,Ekiti,kwara_ekiti,54850,North-Central,480.0864902,148,114.2502468194,kwara_ekiti,5.3425238255,8.1096285872
188,Ekiti,Ekiti East,ekiti_ekiti_east,137955,Southwest,320.8415783,113,429.9785605437,ekiti_ekiti_east,5.6721297826,7.7305409569
189,Ekiti,Ekiti South-West,ekiti_ekiti_south_west,165277,Southwest,345.9703741,148,477.7200950513,ekiti_ekiti_south_west,5.048797984,7.5224671707
190,Ekiti,Ekiti West,ekiti_ekiti_west,179892,Southwest,366.1935618,148,491.2483963829,ekiti_ekiti_west,5.0072417294,7.6799747011
191,Anambra,Ekwusigo,anambra_ekwusigo,158231,Southeast,116.4667022,Others,1358.5943193298,anambra_ekwusigo,6.8484178563,5.9909349999
192,Rivers,Eleme,rivers_eleme,190884,South-South,138.0841968,Others,1382.3739748907,rivers_eleme,7.1429751773,4.7893421512
193,Rivers,Emuoha,rivers_emuoha,201901,South-South,831.4709125,Others,242.8238883221,rivers_emuoha,6.777577373,5.0031307446
194,Ekiti,Emure,ekiti_emure,93884,Southwest,301.0868812,Others,311.8169733129,ekiti_emure,5.5211898137,7.4313855854
195,Enugu,Enugu East,enugu_enugu_east,279089,Southeast,383.3100179,Others,728.1025461558,enugu_enugu_east,7.5587299837,6.5492094363
196,Enugu,Enugu North,enugu_enugu_north,244852,Southeast,106.3694216,Others,2301.9021474119,enugu_enugu_north,7.5376747996,6.4427941393
197,Enugu,Enugu South,enugu_enugu_south,198723,Southeast,67.43521514,Others,2946.8727813419,enugu_enugu_south,7.5115207989,6.4006217278
198,Lagos,Epe,lagos_epe,181409,Southwest,1186.915542,148,152.8406980789,lagos_epe,3.9685288892,6.5553321501
199,Edo,Esan Central,edo_esan_central,105310,South-South,338.5274937,Others,311.0825618593,edo_esan_central,6.3946689433,6.7741676433
200,Edo,Esan North-East,edo_esan_north_east,119346,South-South,252.6356913,Others,472.4035601853,edo_esan_north_east,6.2506127144,6.7246234953
201,Edo,Esan South-East,edo_esan_south_east,167721,South-South,1306.968189,113,128.3282955252,edo_esan_south_east,6.4718487985,6.5881611488
202,Edo,Esan West,edo_esan_west,125842,South-South,502.4137594,148,250.4748280586,edo_esan_west,6.1364144405,6.6682458316
203,Ondo,Ese-Odo,ondo_ese_odo,154978,Southwest,762.6990089,148,203.1968026594,ondo_ese_odo,4.9697385829,6.2225169839
204,Akwa Ibom,Esit-Eket,akwa_ibom_esit_eket,63701,South-South,167.9649663,148,379.2517058958,akwa_ibom_esit_eket,8.0755715429,4.6396678463
205,Akwa Ibom,Essien Udim,akwa_ibom_essien_udim,192668,South-South,295.0497968,148,653.0016359598,akwa_ibom_essien_udim,7.6497795067,5.109122129
206,Rivers,Etche,rivers_etche,249454,South-South,805.4289378,Others,309.715715804,rivers_etche,7.0928511463,5.0881755239
207,Delta,Ethiope East,delta_ethiope_east,200792,South-South,380.549059,Others,527.6376205676,delta_ethiope_east,5.984825658,5.6862490403
208,Delta,Ethiope West,delta_ethiope_west,203592,South-South,536.8423915,113,379.2397977945,delta_ethiope_west,5.7530914694,5.9201549403
209,Akwa Ibom,Etim-Eko,akwa_ibom_etim_eko,105418,South-South,205.899836,Others,511.9868089647,akwa_ibom_etim_eko,7.599736259,4.9677789125
210,Akwa Ibom,Etinan,akwa_ibom_etinan,169284,South-South,174.8787999,Others,968.0075577875,akwa_ibom_etinan,7.8445523619,4.8141839971
211,Lagos,Eti-osa,lagos_eti_osa,287785,Southwest,192.6066506,113,1494.1592053208,lagos_eti_osa,3.5459831234,6.4560837626
212,Edo,Etsako-Central,edo_etsako_central,94575,South-South,660.3800436,Others,143.2129891213,edo_etsako_central,6.5184919598,6.9763735724
213,Edo,Etsako East,edo_etsako_east,145996,South-South,1133.424248,148,128.8096670401,edo_etsako_east,6.5062988473,7.198296686
214,Edo,Etsako West,edo_etsako_west,197609,South-South,946.1014423,113,208.8666089755,edo_etsako_west,6.3128708364,6.9931826294
215,Cross River,Etung,cross_river_etung,80196,South-South,814.7361625,Others,98.4318650518,cross_river_etung,8.7967560626,5.8623854737
216,Ogun,Ewekoro,ogun_ewekoro,55156,Southwest,594.9150083,148,92.7124029996,ogun_ewekoro,3.1997828024,6.9443737743
217,Enugu,Ezeagu,enugu_ezeagu,169718,Southeast,633.0142086,148,268.1108854971,enugu_ezeagu,7.2223131664,6.4079474559
218,Imo,Ezinihitte,imo_ezinihitte,165593,Southeast,109.3306859,Others,1514.6067971389,imo_ezinihitte,7.3267115146,5.475376208
219,Ebonyi,Ezza North,ebonyi_ezza_north,145619,Southeast,304.5507269,Others,478.1436625755,ebonyi_ezza_north,7.9735856831,6.2645601481
220,Ebonyi,Ezza South,ebonyi_ezza_south,133205,Southeast,324.3020835,148,410.7435837673,ebonyi_ezza_south,8.0094244421,6.1262746639
221,Kano,Fagge,kano_fagge,198828,Northwest,20.70920062,Others,9600.9500148442,kano_fagge,8.5337312572,12.0150512411
222,Kebbi,Fakai,kebbi_fakai,121212,Northwest,2248.811864,Others,53.9004627023,kebbi_fakai,4.8888369372,11.5201967544
223,Katsina,Faskari,katsina_faskari,196035,Northwest,1750.333968,Others,111.9986263102,katsina_faskari,7.0857447526,11.6769187077
224,Yobe,Fika,yobe_fika,136895,Northeast,2205.986089,Others,62.0561483514,yobe_fika,11.2187125074,11.3776950118
225,Adamawa,Fufore,adamawa_fufore,207287,Northeast,4964.877912,148,41.7506741705,adamawa_fufore,12.6020023713,9.1839531526
226,Gombe,Funakaye,gombe_funakaye,236087,Northeast,1413.218118,Others,167.0563071567,gombe_funakaye,11.3563482741,10.7952812896
227,Yobe,Fune,yobe_fune,300760,Northeast,4943.196491,113,60.8432216983,yobe_fune,11.4130157246,11.8147527006
228,Katsina,Funtua,katsina_funtua,225571,Northwest,448.4904082,Others,502.9561298876,katsina_funtua,7.298355725,11.4719928911
229,Kano,Gabasawa,kano_gabasawa,211055,Northwest,605.1456046,113,348.7673022751,kano_gabasawa,8.8601395251,12.1510286385
230,Sokoto,Gada,sokoto_gada,248267,Northwest,1316.042672,148,188.6466185954,sokoto_gada,5.7254765811,13.6819561385
231,Jigawa,Gagarawa,jigawa_gagarawa,80394,Northwest,653.3490177,Others,123.0490868158,jigawa_gagarawa,9.551937021,12.5104821645
232,Bauchi,Gamawa,bauchi_gamawa,286388,Northeast,2923.211458,Others,97.9703330104,bauchi_gamawa,10.5842789908,12.0566578465
233,Bauchi,Ganjuwa,bauchi_ganjuwa,280468,Northeast,5055.557976,113,55.4771602524,bauchi_ganjuwa,9.9998412542,10.7522589884
234,Adamawa,Ganaye,adamawa_ganaye,164087,Northeast,1885.552311,Others,87.0233082597,adamawa_ganaye,11.9627831425,8.404429992
235,Jigawa,Garki,jigawa_garki,152233,Northwest,1407.3954,Others,108.1664754624,jigawa_garki,9.0803582194,12.4142742946
236,Kano,Garko,kano_garko,162500,Northwest,450.1472483,Others,360.9929875473,kano_garko,8.8474801782,11.555632729
237,Kano,Garun Mallam,kano_garun_mallam,116494,Northwest,214.1754551,113,543.9185360694,kano_garun_mallam,8.4031132924,11.6586694933
238,Taraba,Gashaka,taraba_gashaka,87781,Northeast,8384.202287,Others,10.46980941,taraba_gashaka,11.3703623736,7.5078845108
239,Taraba,Gassol,taraba_gassol,244749,Northeast,5543.366588,148,44.1516894318,taraba_gassol,10.5431881434,8.4436410098
240,Kano,Gaya,kano_gaya,201016,Northwest,613.0154313,Others,327.9134418749,kano_gaya,9.0549591972,11.7838109908
241,Adamawa,Gayuk,adamawa_gayuk,177785,Northeast,756.339085,Others,235.0599136365,adamawa_gayuk,11.9199191124,9.8279172188
242,Kano,Gazewa,kano_gazewa,282069,Northwest,339.8391668,Others,830.007331574,kano_gazewa,8.7316245554,12.0433983119
243,Niger,Gbako,niger_gbako,127446,North-Central,1754.151606,Others,72.6539254441,niger_gbako,6.0105104036,9.2979640837
244,Benue,Gboko,benue_gboko,358936,North-Central,1834.40356,Others,195.6690489633,benue_gboko,8.8527077973,7.3657773225
245,Ekiti,Gbonyin,ekiti_gbonyin,148193,Southwest,391.578957,Others,378.4498562828,ekiti_gbonyin,5.4964194614,7.6092602305
246,Yobe,Geidam,yobe_geidam,157295,Northeast,4351.649976,148,36.14605974,yobe_geidam,12.0714464584,12.6427847091
247,Bauchi,Giade,bauchi_giade,156969,Northeast,667.3141468,148,235.2250446851,bauchi_giade,10.2078940317,11.4114219426
248,Kaduna,Giwa,kaduna_giwa,286427,Northwest,2066.268322,148,138.6204284073,kaduna_giwa,7.3692881355,11.1188392057
249,Rivers,Gokana,rivers_gokana,228828,South-South,125.9365245,Others,1817.0106004474,rivers_gokana,7.2944175703,4.6643233516
250,Gombe,Gombe,gombe_gombe,268000,Northeast,51.77148733,Others,5176.5945662663,gombe_gombe,11.160029882,10.2864201016
251,Adamawa,Gombi,adamawa_gombi,146429,Northeast,1099.168839,148,133.217932318,adamawa_gombi,12.481575538,9.4344031204
252,Sokoto,Goronyo,sokoto_goronyo,182296,Northwest,1704.680298,Others,106.9385269566,sokoto_goronyo,5.7899142247,13.3638732142
253,Adamawa,Grie,adamawa_grie,129995,Northeast,1845.576493,113,70.4359859876,adamawa_grie,12.5443874203,10.1830902652
254,Borno,Gubio,borno_gubio,152778,Northeast,2460.111051,148,62.1020745945,borno_gubio,12.7474888948,12.6695440101
255,Sokoto,Gudu,sokoto_gudu,95544,Northwest,3481.309124,148,27.444848072,sokoto_gudu,4.4990053507,13.4316304855
256,Yobe,Gujba,yobe_gujba,130088,Northeast,3234.784232,Others,40.2153561629,yobe_gujba,11.9469080541,11.3552345964
257,Yobe,Gulani,yobe_gulani,103510,Northeast,2087.210022,Others,49.5925177193,yobe_gulani,11.6770065331,10.9445429263
258,Benue,Guma,benue_guma,191599,North-Central,2880.984852,148,66.504688446,benue_guma,8.7669189224,7.9234508221
259,Jigawa,Gumel,jigawa_gumel,107161,Northwest,223.3721011,Others,479.7420961359,jigawa_gumel,9.4076795209,12.6377639693
260,Zamfara,Gummi,zamfara_gummi,204539,Northwest,2612.036747,Others,78.3063256039,zamfara_gummi,5.1471015502,12.0231605836
261,Niger,Gurara,niger_gurara,90974,North-Central,954.7240145,Others,95.2882703465,niger_gurara,7.0602332659,9.3395390069
262,Jigawa,Guri,jigawa_guri,115018,Northwest,1059.079802,113,108.6018256441,jigawa_guri,10.4662051109,12.6465838749
263,Zamfara,Gusau,zamfara_gusau,383162,Northwest,3365.612881,Others,113.8461295305,zamfara_gusau,6.7369473274,11.8106876922
264,Borno,Guzamala,borno_guzamala,95648,Northeast,2512.672291,113,38.0662453845,borno_guzamala,13.2289982246,12.8762777577
265,Sokoto,Gwadabawa,sokoto_gwadabawa,231358,Northwest,992.1064398,Others,233.1987685179,sokoto_gwadabawa,5.3492677031,13.431886233
266,FCT,Gwagwalada,fct_gwagwalada,157770,North-Central,1043.552917,Others,151.1854333689,fct_gwagwalada,7.0244303188,9.0684105902
267,Kano,Gwale,kano_gwale,362059,Northwest,18.28695902,Others,19798.7538334846,kano_gwale,8.4911683488,11.9837407519
268,Kebbi,Gwandu,kebbi_gwandu,151019,Northwest,1019.254443,Others,148.1661434367,kebbi_gwandu,4.675560159,12.5039737828
269,Jigawa,Gwaram,jigawa_gwaram,272582,Northwest,1911.112434,Others,142.6300175492,jigawa_gwaram,9.9684883899,11.1998272017
270,Kano,Gwarzo,kano_gwarzo,183987,Northwest,393.0298753,Others,468.1247191694,kano_gwarzo,7.9564951742,11.8956447239
271,Benue,Gwer East,benue_gwer_east,163647,North-Central,2293.945926,Others,71.3386475876,benue_gwer_east,8.4168274618,7.4038700704
272,Benue,Gwer West,benue_gwer_west,122145,North-Central,1093.949065,113,111.6551070867,benue_gwer_west,8.2041588099,7.6516359768
273,Jigawa,Gwiwa,jigawa_gwiwa,124517,Northwest,450.2423204,Others,276.5555221228,jigawa_gwiwa,8.2853168236,12.7550813625
274,Borno,Gwoza,borno_gwoza,276312,Northeast,2877.717929,Others,96.0177497647,borno_gwoza,13.5884372384,11.1767616541
275,Jigawa,Hadejia,jigawa_hadejia,105628,Northwest,32.46903988,Others,3253.1913598426,jigawa_hadejia,10.045676079,12.4704262092
276,Borno,Hawul,borno_hawul,120314,Northeast,2095.253027,Others,57.4221816886,borno_hawul,12.2731001307,10.4572289346
277,Adamawa,Hong,adamawa_hong,169126,Northeast,2621.70324,Others,64.5099710065,adamawa_hong,12.9200206311,10.303920187
278,Oyo,Ibadan North,oyo_ibadan_north,306795,Southwest,27.29787875,Others,11238.7853580015,oyo_ibadan_north,3.91331219,7.4061037584
279,Oyo,Ibadan North East,oyo_ibadan_north_east,330399,Southwest,17.90617077,Others,18451.6837376281,oyo_ibadan_north_east,3.93473976,7.3606830586
280,Oyo,Ibadan North West,oyo_ibadan_north_west,152834,Southwest,25.98089141,Others,5882.5541274991,oyo_ibadan_north_west,3.8843490163,7.3876321133
281,Oyo,Ibadan South East,oyo_ibadan_south_east,266046,Southwest,16.87535101,Others,15765.3609600385,oyo_ibadan_south_east,3.9115080707,7.3277296956
282,Oyo,Ibadan South West,oyo_ibadan_south_west,282585,Southwest,40.37622405,Others,6998.7971051989,oyo_ibadan_south_west,3.872008117,7.3464666585
283,Kogi,Ibaji,kogi_ibaji,128129,North-Central,1377.374211,Others,93.0241026562,kogi_ibaji,6.7704463718,6.8176137326
284,Oyo,Ibarapa Central,oyo_ibarapa_central,102979,Southwest,440.6734031,Others,233.6855350824,oyo_ibarapa_central,3.2547850889,7.4246285455
285,Oyo,Ibarapa East,oyo_ibarapa_east,118226,Southwest,838.8874459,Others,140.9318980488,oyo_ibarapa_east,3.494598507,7.6007763503
286,Oyo,Ibarapa North,oyo_ibarapa_north,101092,Southwest,1219.702735,113,82.8824902159,oyo_ibarapa_north,3.1658914823,7.6403349884
287,Lagos,Ibeju/lekki,lagos_ibeju_lekki,117481,Southwest,455.3042673,113,258.0274520524,lagos_ibeju_lekki,3.8696056344,6.4710544749
288,Akwa Ibom,Ibeno,akwa_ibom_ibeno,75380,South-South,243.2822484,Others,309.8458703656,akwa_ibom_ibeno,8.0709775304,4.5618125174
289,Akwa Ibom,Ibesikpo-Asutan,akwa_ibom_ibesikpo_asutan,137101,South-South,154.4795722,Others,887.5024577521,akwa_ibom_ibesikpo_asutan,7.9553760635,4.9232568719
290,Taraba,Ibi,taraba_ibi,84054,Northeast,2670.165966,148,31.4789421595,taraba_ibi,9.8078072774,8.3460693678
291,Akwa Ibom,Ibiono-Ibom,akwa_ibom_ibiono_ibom,189640,South-South,336.9332489,148,562.8414548553,akwa_ibom_ibiono_ibom,7.8847792103,5.2067483743
292,Kogi,Idah,kogi_idah,79815,North-Central,35.86498674,Others,2225.4295137096,kogi_idah,6.7184695304,7.0806009687
293,Ondo,Idanre,ondo_idanre,129024,Southwest,1915.218309,Others,67.3677770277,ondo_idanre,5.1987995392,6.9750887169
294,Imo,Ideato North,imo_ideato_north,158406,Southeast,190.2519118,Others,832.6118697116,imo_ideato_north,7.1308255134,5.879755557
295,Imo,Ideato South,imo_ideato_south,159879,Southeast,88.49410163,Others,1806.6627837917,imo_ideato_south,7.1365375923,5.8075489387
296,Anambra,Idemili North,anambra_idemili_north,430783,Southeast,115.4812102,Others,3730.3298021724,anambra_idemili_north,6.8823883297,6.12982972
297,Anambra,Idemili South,anambra_idemili_south,207683,Southeast,137.0704782,Others,1515.1548511925,anambra_idemili_south,6.8846889699,6.0724418757
298,Oyo,Ido,oyo_ido,103261,Southwest,987.3803117,148,104.5807768055,oyo_ido,3.7226738643,7.5116141082
299,Ekiti,Ido Osi,ekiti_ido_osi,159114,Southwest,231.7622731,Others,686.5396937635,ekiti_ido_osi,5.1862479717,7.8572247672
300,Lagos,Ifako-Ijaye,lagos_ifako_ijaye,427878,Southwest,26.65039245,Others,16055.2232318065,lagos_ifako_ijaye,3.3123053819,6.6582209668
301,Osun,Ifedayo,osun_ifedayo,37058,Southwest,128.34704,148,288.7327982009,osun_ifedayo,4.989614152,7.9791066409
302,Ondo,Ifedore,ondo_ifedore,176327,Southwest,295.5063647,148,596.694423753,ondo_ifedore,5.097980597,7.3737856176
303,Kwara,Ifelodun,kwara_ifelodun,206042,North-Central,3438.212687,113,59.9270664026,kwara_ifelodun,5.054198902,8.5449771358
304,Osun,Ifelodun,osun_ifelodun,96748,Southwest,114.5308019,Others,844.7334550619,osun_ifelodun,4.6356421487,7.9205745045
305,Ogun,Ifo,ogun_ifo,524837,Southwest,521.9265769,Others,1005.5763075283,ogun_ifo,3.2551803927,6.7676934713
306,Kaduna,Igabi,kaduna_igabi,430229,Northwest,3727.482972,Others,115.4207821288,kaduna_igabi,7.527894162,10.7280427952
307,Kogi,Igalamela-Odolu,kogi_igalamela_odolu,148020,North-Central,2175.41586,148,68.0421627523,kogi_igalamela_odolu,7.0366234723,7.0644086132
308,Enugu,Igbo Etiti,enugu_igbo_etiti,209248,Southeast,325.4243512,113,643.0004369015,enugu_igbo_etiti,7.4225878877,6.6844849011
309,Enugu,Igbo Eze North,enugu_igbo_eze_north,259431,Southeast,293.282841,Others,884.5761283389,enugu_igbo_eze_north,7.4587718575,7.0058081493
310,Enugu,Igbo-Eze South,enugu_igbo_eze_south,147328,Southeast,157.804741,Others,933.609466144,enugu_igbo_eze_south,7.3770281599,6.9471819594
311,Edo,Igueben,edo_igueben,69639,South-South,380.2498975,Others,183.1400888149,edo_iguegben,6.2414600078,6.5146855892
312,Anambra,Ihiala,anambra_ihiala,302158,Southeast,251.8348016,Others,1199.826227671,anambra_ihiala,6.8716676376,5.8508588357
313,Imo,Ihitte/Uboma,imo_ihitte_uboma,120744,Southeast,103.9749319,Others,1161.2799142406,imo_ihitte_uboma,7.3769034871,5.6428603727
314,Ondo,ijaye,ondo_ijaye,290615,Southwest,1319.392871,Others,220.264188467,ondo_ijaye,4.768050077,6.2305856626
315,Ogun,Ijebu East,ogun_ijebu_east,110196,Southwest,2236.583066,Others,49.2697998457,ogun_ijebu_east,4.2694318619,6.8273679618
316,Ogun,Ijebu North,ogun_ijebu_north,284336,Southwest,967.9979216,Others,293.7361678732,ogun_ijebu_north,3.9844643846,7.014595242
317,Ogun,Ijebu North East,ogun_ijebu_north_east,67634,Southwest,118.1602525,Others,572.3921417653,ogun_ijebu_north_east,4.0248901759,6.888015501
318,Ogun,Ijebu-ode,ogun_ijebu_ode,154032,Southwest,191.9014879,Others,802.6618328268,ogun_ijebu_ode,3.9707629904,6.763379862
319,Ekiti,Ijero,ekiti_ijero,221405,Southwest,391.1449345,113,566.0433779694,ekiti_ijero,5.0568010876,7.84201788
320,Kogi,Ijumu,kogi_ijumu,119929,North-Central,1306.333111,Others,91.8058334357,kogi_ijumu,5.9625167881,7.8358208315
321,Akwa Ibom,Ika,akwa_ibom_ika,72939,South-South,112.7666613,Others,646.8135099429,akwa_ibom_ika,7.5352403233,5.0099652765
322,Delta,Ika North,delta_ika_north,183657,South-South,463.11865,Others,396.5657612795,delta_ika_north,6.2949416514,6.2287385035
323,Kaduna,Ikara,kaduna_ikara,193926,Northwest,852.9789685,113,227.3514437771,kaduna_ikara,8.2015736866,11.2714555921
324,Delta,Ika South,delta_ika_south,162594,South-South,435.8570098,Others,373.0443616695,delta_ika_south,6.1998694607,6.1824372238
325,Imo,Ikeduru,imo_ikeduru,149316,Southeast,178.761578,148,835.2801629442,imo_ikeduru,7.1548096964,5.563849522
326,Lagos,Ikeja,lagos_ikeja,313196,Southwest,46.22704785,113,6775.1676684238,lagos_ikeja,3.3488449783,6.5992197519
327,Ogun,Ikenne,ogun_ikenne,118735,Southwest,143.9043352,113,825.0967549725,ogun_ikenne,3.6856462205,6.9053803878
328,Ekiti,Ikere,ekiti_ikere,147355,Southwest,262.8659453,Others,560.5709017645,ekiti_ikere,5.2119100193,7.4960170714
329,Ekiti,Ikole,ekiti_ikole,168436,Southwest,1073.271679,113,156.936965072,ekiti_ikole,5.511040461,7.8928749789
330,Cross River,Ikom,cross_river_ikom,162383,South-South,1960.78659,Others,82.8152338598,cross_river_ikom,8.617010182,6.0757569222
331,Akwa Ibom,Ikono,akwa_ibom_ikono,131904,South-South,258.9647779,Others,509.3511212978,akwa_ibom_ikono,7.7826876123,5.2161663554
332,Lagos,Ikorodu,lagos_ikorodu,535619,Southwest,394.4667107,Others,1357.8306748611,lagos_ikorodu,3.5678398865,6.6151077421
333,Akwa Ibom,Ikot-Abasi,akwa_ibom_ikot_abasi,132023,South-South,359.5677943,Others,367.1713709984,akwa_ibom_ikot_abasi,7.6261087518,4.6069668295
334,Akwa Ibom,Ikot-Ekpene,akwa_ibom_ikot_ekpene,143077,South-South,115.858655,Others,1234.927161894,akwa_ibom_ikot_ekpene,7.7039780596,5.1945176708
335,Edo,Ikpoba-Okha,edo_ikpoba_okha,371106,South-South,862.9547205,Others,430.0411031821,edo_ikpoba_okha,5.6510452493,6.1710391239
336,Rivers,Ikwerre,rivers_ikwerre,189726,South-South,655.7053418,Others,289.3464303328,rivers_ikwerre,6.9060648537,5.0639904527
337,Ebonyi,Ikwo,ebonyi_ikwo,214604,Southeast,577.0883626,113,371.8737266389,ebonyi_ikwo,8.1952284576,6.0864696509
338,Abia,Ikwuano,abia_ikwuano,137993,Southeast,281.516886,113,490.1766354435,abia_ikwuano,7.5849726918,5.406009291
339,Osun,Ila,osun_ila,62049,Southwest,303.033354,Others,204.759638439,osun_ila,4.8882457457,7.9884167658
340,Ekiti,Ilejemeje,ekiti_ilejemeje,43530,Southwest,95.00090309,Others,458.2061705115,ekiti_ilejemeje,5.2322861619,7.9551380175
341,Ondo,Ile Oluji Okeigbo,ondo_ile_oluji_okeigbo,172870,Southwest,698.2742342,113,247.5674907267,ondo_ile_oluji_okeigbo,4.875366729,7.2658773766
342,Osun,Ilesha-East,osun_ilesha_east,106586,Southwest,70.63900163,Others,1508.8831600181,osun_ilesha_east,4.7598717745,7.6043867827
343,Osun,Ilesha-West,osun_ilesha_west,103555,Southwest,62.88933406,Others,1646.6226196831,osun_ilesha_west,4.7164861736,7.6451008551
344,Sokoto,Illela,sokoto_illela,150489,Northwest,1246.748775,113,120.7051516854,sokoto_illela,5.3698636731,13.6812812083
345,Kwara,Ilorin East,kwara_ilorin_east,204310,North-Central,486.3142165,148,420.1193242312,kwara_ilorin_east,4.7607256855,8.5971028522
346,Kwara,Ilorin South,kwara_ilorin_south,208691,North-Central,174.6443191,Others,1194.948688142,kwara_ilorin_south,4.6720184026,8.4439297566
347,Kwara,Ilorin west,kwara_ilorin_west,364666,North-Central,104.6956114,Others,3483.1068382299,kwara_ilorin_west,4.5234971325,8.4875182168
348,Ogun,Imeko Afon,ogun_imeko_afon,82217,Southwest,1657.508241,Others,49.602769969,ogun_imeko_afon,2.8789170997,7.6389598109
349,Katsina,Ingawa,katsina_ingawa,169753,Northwest,892.4487239,Others,190.2103677825,katsina_ingawa,8.0874456003,12.6230437431
350,Akwa Ibom,Ini,akwa_ibom_ini,99196,South-South,372.3852151,148,266.3800708988,akwa_ibom_ini,7.7502527301,5.3959973055
351,Ogun,Ipokia,ogun_ipokia,150426,Southwest,630.3391939,Others,238.6429424915,ogun_ipokia,2.8065946359,6.6161416833
352,Ondo,Irele,ondo_irele,145166,Southwest,963.4698225,Others,150.6700019138,ondo_irele,5.0043422114,6.5223164933
353,Oyo,Irepo,oyo_irepo,122553,Southwest,985.5253766,148,124.3529622979,oyo_irepo,3.9232243061,9.0156885547
354,Osun,Irepodun,osun_irepodun,119497,Southwest,64.27142951,Others,1859.2553629355,osun_irepodun,4.5127827477,7.8791174326
355,Kwara,Irepodun,kwara_irepodun,148610,North-Central,737.4093939,Others,201.5298438416,kwara_irepodun,4.9195686574,8.1676043414
356,Ekiti,Irepodun/Ifelodun,ekiti_irepodun_ifelodun,129149,Southwest,356.5173426,Others,362.2516623123,ekiti_irepodun_ifelodun,5.233240818,7.7089848645
357,Osun,Irewole,osun_irewole,143599,Southwest,271.084458,Others,529.7205197946,osun_irewole,4.2234861662,7.4153822432
358,Sokoto,Isa,sokoto_isa,146103,Northwest,2158.798121,Others,67.6779355044,sokoto_isa,6.3377489227,13.2033655243
359,Ekiti,Ise/Orun,ekiti_ise_orun,113754,Southwest,432.2732446,Others,263.1529973715,ekiti_ise_orun,5.4021104662,7.4406376826
360,Oyo,Iseyin,oyo_iseyin,256926,Southwest,1350.121667,Others,190.2984051585,oyo_iseyin,3.5321047034,7.8577036368
361,Ebonyi,Ishielu,ebonyi_ishielu,151048,Southeast,872.4397666,148,173.132869205,ebonyi_ishielu,7.8237015593,6.4242967774
362,Imo,Isiala Mbano,imo_isiala_mbano,198736,Southeast,165.6060344,Others,1200.052888894,imo_isiala_mbano,7.1893120246,5.6813441689
363,Abia,Isiala Ngwa North,abia_isiala_ngwa_north,153734,Southeast,283.0211843,148,543.1890209216,abia_isiala_ngwa_north,7.4014079031,5.2905729197
364,Abia,Isiala Ngwa South,abia_isiala_ngwa_south,134762,Southeast,258.0980277,148,522.134946946,abia_isiala_ngwa_south,7.422964193,5.3962072361
365,Kwara,Isin,kwara_isin,59738,North-Central,633.6753103,Others,94.2722543059,kwara_isin,5.0426293777,8.2647921396
366,Enugu,Isi-Uzo,enugu_isi_uzo,148415,Southeast,877.1684236,113,169.1978370481,enugu_isi_uzo,7.7056409346,6.744939878
367,Osun,Isokan,osun_isokan,103177,Southwest,179.4122024,Others,575.0835150553,osun_isokan,4.1905647585,7.302452613
368,Delta,Isoko North,delta_isoko_north,144155,South-South,477.7137096,Others,301.7602323381,delta_isoko_north,6.2375472399,5.5261754172
369,Delta,Isoko South,delta_isoko_south,227712,South-South,704.3555502,Others,323.291269495,delta_isoko_south,6.2206040746,5.3807599448
370,Imo,Isu,imo_isu,164468,Southeast,40.06010362,148,4105.5310680197,imo_isu,7.0552084326,5.6897414155
371,Abia,Isuikwuato,abia_isuikwuato,114442,Southeast,393.5685881,Others,290.7803200263,abia_isuikwuato,7.4720383328,5.8055471819
372,Bauchi,Itas/Gadau,bauchi_itas_gadau,229969,Northeast,1397.383052,113,164.5711959014,bauchi_itas_gadau,10.0422422921,11.8811599645
373,Oyo,Itesiwaju,oyo_itesiwaju,128652,Southwest,1515.678615,Others,84.8807911696,oyo_itesiwaju,3.5144349943,8.1964340324
374,Akwa Ibom,Itu,akwa_ibom_itu,127033,South-South,174.6557249,Others,727.3337308166,akwa_ibom_itu,7.9881726093,5.1542994061
375,Ebonyi,Ivo,ebonyi_ivo,120919,Southeast,244.8451009,Others,493.8591769062,ebonyi_ivo,7.6247864584,5.8914736542
376,Oyo,Iwajowa,oyo_iwajowa,102980,Southwest,2533.069846,148,40.6542283714,oyo_iwajowa,3.0143505276,8.0083597747
377,Osun,Iwo,osun_iwo,191377,Southwest,214.7339277,Others,891.228517309,osun_iwo,4.141688698,7.6712268116
378,Ebonyi,Izzi,ebonyi_izzi,234072,Southeast,1068.643936,113,219.036474278,ebonyi_izzi,8.2734471827,6.5113904182
379,Kaduna,Jaba,kaduna_jaba,155377,Northwest,368.3228501,Others,421.8500154357,kaduna_jaba,8.0405398278,9.474424843
380,Adamawa,Jada,adamawa_jada,168473,Northeast,2790.615366,Others,60.3712722479,adamawa_jada,12.323334451,8.6757017838
381,Jigawa,Jahun,jigawa_jahun,229094,Northwest,1171.046568,Others,195.6318444204,jigawa_jahun,9.556027854,12.0735536703
382,Yobe,Jakusko,yobe_jakusko,229083,Northeast,3937.348312,Others,58.1820509254,yobe_jakusko,10.9012298645,12.4172338548
383,Taraba,Jalingo,taraba_jalingo,139845,Northeast,190.568538,Others,733.8304710088,taraba_jalingo,11.3264240386,8.9194968981
384,Bauchi,Jama'are,bauchi_jama_are,117883,Northeast,492.3779499,Others,239.415676563,bauchi_jama_are,9.9142494369,11.7173865442
385,Kebbi,Jega,kebbi_jega,193352,Northwest,891.9516804,Others,216.7740744805,kebbi_jega,4.4356815771,12.0801660384
386,Kaduna,Jema'a,kaduna_jema_a,278735,Northwest,1661.122975,Others,167.7991360032,kaduna_jema_a,8.261414993,9.3677552829
387,Borno,Jere,borno_jere,211204,Northeast,866.3309927,Others,243.7913473946,borno_jere,13.1708831206,11.9085165997
388,Katsina,Jibia,katsina_jibia,169748,Northwest,1037.127793,Others,163.6712477919,katsina_jibia,7.2858042897,12.9886525033
389,Plateau,Jos East,plateau_jos_east,85602,North-Central,1019.20617,Others,83.9888950044,plateau_jos_east,9.1196684983,9.8853682346
390,Plateau,Jos North,plateau_jos_north,429300,North-Central,291.4070485,Others,1473.1970355892,plateau_jos_north,8.9050219342,9.9341431234
391,Plateau,Jos South,plateau_jos_south,306716,North-Central,509.7119431,Others,601.7437969662,plateau_jos_south,8.8330236266,9.7499903262
392,Kogi,Kabba/Bunu,kogi_kabba_bunu,145446,North-Central,2707.241995,113,53.7247871703,kogi_kabba_bunu,6.2288952473,8.1000680169
393,Kano,Kabo,kano_kabo,153828,Northwest,340.7349653,Others,451.459391215,kano_kabo,8.1996386919,11.8802512367
394,Kaduna,Kachia,kaduna_kachia,244274,Northwest,4632.784768,113,52.7272498579,kaduna_kachia,7.649993346,9.8322228867
395,Kaduna,Kaduna North,kaduna_kaduna_north,357694,Northwest,72.42071524,Others,4939.1116728772,kaduna_kaduna_north,7.4359416645,10.5477633176
396,Kaduna,kaduna South,kaduna_kaduna_south,402390,Northwest,59.34320031,Others,6780.7263157021,kaduna_kaduna_south,7.3990980881,10.4844602173
397,Jigawa,Kafin-Hausa,jigawa_kafin_hausa,271058,Northwest,1379.353275,Others,196.51093372,jigawa_kafin_hausa,10.0084464581,12.1599425454
398,Katsina,Kafur,katsina_kafur,202884,Northwest,1106.438998,Others,183.3666387092,katsina_kafur,7.7064259064,11.6618287213
399,Borno,Kaga,borno_kaga,90015,Northeast,2696.505367,Others,33.3820956196,borno_kaga,12.467949636,11.6381093583
400,Kaduna,Kagarko,kaduna_kagarko,240943,Northwest,1863.852845,148,129.2714715362,kaduna_kagarko,7.6286871242,9.4750630624
401,Kwara,Kaiama,kwara_kaiama,124164,North-Central,6978.569934,113,17.7921839538,kwara_kaiama,4.1780260343,9.4078670068
402,Katsina,Kaita,katsina_kaita,184401,Northwest,925.0114838,113,199.3499575189,katsina_kaita,7.7262663229,13.1629929515
403,Oyo,Kajola,oyo_kajola,200997,Southwest,609.6093244,Others,329.7144448993,oyo_kajola,3.3562414483,8.0269183229
404,Kaduna,Kajuru,kaduna_kajuru,110868,Northwest,2810.183518,Others,39.452227689,kaduna_kajuru,8.2926459473,10.3002331919
405,Borno,Kala/Balge,borno_kala_balge,60797,Northeast,1892.403207,113,32.1268743231,borno_kala_balge,14.4806845629,12.0404508323
406,Kebbi,Kalgo,kebbi_kalgo,85403,Northwest,1174.63058,148,72.7062631044,kebbi_kalgo,4.1070943846,12.2604575004
407,Gombe,Kaltungo,gombe_kaltungo,149805,Northeast,880.453216,Others,170.1453266087,gombe_kaltungo,11.4189790217,9.8346058726
408,Plateau,Kanam,plateau_kanam,165898,North-Central,2597.924251,Others,63.8579049932,plateau_kanam,10.097970032,9.4986848114
409,Katsina,Kankara,katsina_kankara,245739,Northwest,1462.354682,Others,168.0433639149,katsina_kankara,7.3609253822,11.976957778
410,Plateau,Kanke,plateau_kanke,121424,North-Central,925.606193,113,131.183219082,plateau_kanke,9.6298786281,9.3877808147
411,Katsina,Kankia,katsina_kankia,151434,Northwest,823.9709605,Others,183.7856032063,katsina_kankia,7.7876811721,12.4467167753
412,Kano,Kano-Municipal,kano_kano_municipal,365525,Northwest,17.38827426,Others,21021.3500508704,kano_kano_municipal,8.501521189,11.9580635806
413,Yobe,Karasuwa,yobe_karasuwa,106992,Northeast,1160.996676,113,92.1553026048,yobe_karasuwa,10.7773781499,12.9618232448
414,Kano,Karaye,kano_karaye,141407,Northwest,478.6999113,Others,295.3980075241,kano_karaye,8.0111015521,11.7594528332
415,Taraba,Karim Lamido,taraba_karim_lamido,195844,Northeast,6613.987032,113,29.6105811899,taraba_karin_lamido,10.8631138079,9.2020070026
416,Nasarawa,Karu,nasarawa_karu,205477,North-Central,2640.100178,Others,77.8292436447,nasarawa_karu,7.8000799307,9.0494906746
417,Bauchi,Katagum,bauchi_katagum,295970,Northeast,1435.213545,Others,206.2201830739,bauchi_katagum,10.3367232704,11.6819446607
418,Niger,Katcha,niger_katcha,122176,North-Central,1682.247604,148,72.6266452747,niger_katcha,6.2666586202,9.1495897487
419,Katsina,Katsina,katsina_katsina,318459,Northwest,142.0670733,Others,2241.6101958229,katsina_katsina,7.6099902399,13.0076703925
420,Benue,Katsina-Ala,benue_katsina_ala,224718,North-Central,2400.8557,148,93.5991280109,benue_katsina_ala,9.5718605463,7.3181088743
421,Kaduna,Kaura,kaduna_kaura,222579,Northwest,484.9275446,Others,458.9943435438,kaduna_kaura,8.4622121442,9.6133565918
422,Zamfara,Kaura Namoda,zamfara_kaura_namoda,281367,Northwest,868.045788,Others,324.1384312782,zamfara_kaura_namoda,6.5945954607,12.521076901
423,Kaduna,Kauru,kaduna_kauru,17008,Northwest,2464.394547,148,6.9014923039,kaduna_kauru,7.8767985031,10.2703283355
424,Jigawa,Kazaure,jigawa_kazaure,161494,Northwest,368.3112135,Others,438.4715807736,jigawa_kazaure,8.5373333027,12.6504643565
425,Nasarawa,Keana,nasarawa_keana,79253,North-Central,1048.193202,Others,75.6091528249,nasarawa_keana,8.7882620581,8.1717067009
426,Sokoto,Kebbe,sokoto_kebbe,124658,Northwest,2620.595025,Others,47.5685860695,sokoto_kebbe,4.7298482468,11.9155152189
427,Nasarawa,Keffi,nasarawa_keffi,92664,North-Central,138.1410914,Others,670.792441705,nasarawa_keffi,7.8326853279,8.8374951431
428,Rivers,Khana,rivers_khana,294217,South-South,560.3552633,113,525.0544061411,rivers_khana,7.43546236,4.6797717381
429,Kano,Kibiya,kano_kibiya,136736,Northwest,403.5965819,Others,338.7937513155,kano_kibiya,8.6837414856,11.4930809348
430,Bauchi,Kirfi,bauchi_kirfi,147618,Northeast,2369.105824,113,62.3095846984,bauchi_kirfi,10.5400284962,10.3960303624
431,Jigawa,Kiri-Kasama,jigawa_kiri_kasama,191523,Northwest,795.9851028,Others,240.611286978,jigawa_kiri_kasama,10.2397559047,12.5720089597
432,Kano,Kiru,kano_kiru,264781,Northwest,927.2809215,Others,285.5456139135,kano_kiru,8.1482407058,11.5954852611
433,Jigawa,kiyawa,jigawa_kiyawa,172913,Northwest,1029.769609,148,167.9142581882,jigawa_kiyawa,9.5807814438,11.8443216178
434,Kogi,Kogi,kogi_kogi,115900,North-Central,1498.151317,148,77.3620118908,kogi_kogi,6.8650129695,8.147120702
435,Kebbi,Koko/Besse,kebbi_koko_besse,154605,Northwest,1300.406089,Others,118.8897847432,kebbi_koko_besse,4.380581412,11.4651913255
436,Nasarawa,Kokona,nasarawa_kokona,109749,North-Central,1844.280559,148,59.5077573553,nasarawa_kokona,8.0655157398,8.8436139322
437,Bayelsa,Kolokuma/Opokuma,bayelsa_kolokuma_opokuma,77292,South-South,361.0323431,148,214.0860825275,bayelsa_kolokuma,6.2624067576,5.0855735881
438,Borno,Konduga,borno_konduga,156564,Northeast,5846.136537,Others,26.7807635024,borno_konduga,13.0969359626,11.6076787779
439,Benue,Konshisha,benue_konshisha,225672,North-Central,1673.096367,Others,134.8828462312,benue_konshisha,8.6659127752,7.0614798204
440,Niger,Kontagora,niger_kontagora,151944,North-Central,2082.100524,Others,72.9763036167,niger_kontagora,5.4881146854,10.4291133793
441,Lagos,Kosofe,lagos_kosofe,665393,Southwest,81.52132353,Others,8162.1957444684,lagos_kosofe,3.4082164826,6.5925799478
442,Jigawa,Kuagama,jigawa_kuagama,127956,Northwest,882.0306666,Others,145.0697859443,jigawa_kuagama,9.7708812777,12.5036930359
443,Kaduna,Kubau,kaduna_kubau,282045,Northwest,2504.901188,Others,112.5972558723,kaduna_kubau,8.3610043108,10.8679045001
444,Kaduna,Kudan,kaduna_kudan,138992,Northwest,399.845138,148,347.614580723,kaduna_kudan,7.7788230264,11.2668653604
445,FCT,Kuje,fct_kuje,97367,North-Central,1644.361659,Pilot,59.2126430746,fct_kuje,7.25259532,8.6604526104
446,Borno,Kukawa,borno_kukawa,203864,Northeast,4892.833905,Others,41.6658329218,borno_kukawa,13.7203671691,13.0431560319
447,Kano,Kumbotso,kano_kumbotso,295979,Northwest,157.6100022,Others,1877.9201565166,kano_kumbotso,8.527064368,11.9175989045
448,Taraba,Kurmi,taraba_kurmi,91531,Northeast,4350.030595,Others,21.0414612038,taraba_kurmi,10.6236865545,7.2096704793
449,Kano,Kunchi,kano_kunchi,111018,Northwest,671.0168006,148,165.4474223309,kano_kunchi,8.2734587725,12.420643853
450,Kano,Kura,kano_kura,144601,Northwest,206.4542153,Others,700.4022649277,kano_kura,8.4969726128,11.7782606889
451,Katsina,Kurfi,katsina_kurfi,11781,Northwest,572.005611,Others,20.5959518114,katsina_kurfi,7.4886639977,12.6983658386
452,Katsina,Kusada,katsina_kusada,99267,Northwest,390.0433243,Others,254.5024970704,katsina_kusada,7.9815219703,12.4573007761
453,FCT,Kwali,fct_kwali,85837,North-Central,1206.43191,Others,71.1494774703,fct_kwali,6.9757377521,8.7413601437
454,Benue,Kwande,benue_kwande,248697,North-Central,2890.177878,148,86.0490289864,benue_kwande,9.4735217028,6.8419920518
455,Gombe,Kwami,gombe_kwami,195298,Northeast,1785.06687,148,109.4065456495,gombe_kwami,11.2078451991,10.5075317929
456,Sokoto,Kware,sokoto_kware,133899,Northwest,554.7082453,Others,241.3863524375,sokoto_kware,5.2940065643,13.1593769131
457,Borno,Kwaya-Kusar,borno_kwaya_kusar,56500,Northeast,731.2701577,Others,77.2628274313,borno_kwaya_kusar,11.8786191322,10.4424522539
458,Nasarawa,Lafia,nasarawa_lafia,330712,North-Central,2755.832242,Others,120.0044019225,nasarawa_lafia,8.7153742873,8.6389376356
459,Oyo,Lagelu,oyo_lagelu,147957,Southwest,338.750336,113,436.7729985071,oyo_lagelu,4.065855994,7.5046608747
460,Lagos,Lagos Island,lagos_lagos_island,209437,Southwest,8.673032387,Others,24148.070784784,lagos_lagos_island,3.3939972096,6.4536215913
461,Lagos,Lagos Mainland,lagos_lagos_mainland,317720,Southwest,19.49257208,Others,16299.5421382071,lagos_lagos_mainland,3.3875894852,6.497173085
462,Plateau,Langtang South,plateau_langtang_south,106305,North-Central,1187.252412,148,89.5386683788,plateau_langtang_south,9.8134599338,8.5960801903
463,Plateau,Langtang North,plateau_langtang_north,140643,North-Central,837.941854,Others,167.8433883313,plateau_langtan_north,9.8154092872,9.088971468
464,Niger,Lapai,niger_lapai,110127,North-Central,3052.522514,Others,36.0773751856,niger_lapai,6.6634750585,8.7427735526
465,Adamawa,Lamurde,adamawa_lamurde,112803,Northeast,1169.199512,113,96.4788291838,adamawa_larmurde,11.7107196354,9.5608361953
466,Taraba,Lau,taraba_lau,96590,Northeast,1658.667249,Others,58.2335004554,taraba_lau,11.4101954502,9.1848503042
467,Niger,Lavun,niger_lavun,209917,North-Central,2836.913739,113,73.9948476805,niger_lavun,5.5964316343,9.430656165
468,Kaduna,Lere,kaduna_lere,331161,Northwest,2157.245656,113,153.5110287875,kaduna_lere,8.5724705511,10.35725088
469,Benue,Logo,benue_logo,169063,North-Central,1407.082304,113,120.151464857,benue_logo,9.2260378572,7.6665229841
470,Kogi,Lokoja,kogi_lokoja,195261,North-Central,3181.167851,Others,61.380288355,kogi_lokoja,6.4686249184,8.2090478188
471,Yobe,Machina,yobe_machina,61606,Northeast,1211.865598,Others,50.83567031,yobe_machina,10.0164335862,13.0463526485
472,Adamawa,Madagali,adamawa_madagali,134827,Northeast,819.4232618,Others,164.5388973994,adamawa_madgali,13.5083512271,10.8225527819
473,Kano,Madobi,kano_madobi,136623,Northwest,273.4555385,Others,499.6168691606,kano_madobi,8.3889459991,11.8176919884
474,Borno,Mafa,borno_mafa,103518,Northeast,2863.860303,148,36.1463161774,borno_mafa,13.5371891633,12.0119818308
475,Niger,Magama,niger_magama,181653,North-Central,4110.928854,Others,44.1878238353,niger_magama,4.9766240159,10.375919941
476,Borno,Magumeri,borno_magumeri,140231,Northeast,4849.148693,Others,28.9186842636,borno_magumeri,12.6309839319,12.1695433065
477,Katsina,Mai'Adua,katsina_mai_adua,21178,Northwest,527.6774376,Others,40.134367117,katsina_mai_adua,8.2172198887,13.142081083
478,Borno,Maiduguri,borno_maiduguri,521492,Northeast,132.1589366,Others,3945.9457938768,borno_maiduguri,13.1260079288,11.8462117594
479,Jigawa,Maigatari,jigawa_maigatari,179715,Northwest,869.9295265,148,206.58569979,jigawa_maigatari,9.5825166011,12.7157117258
480,Adamawa,Maiha,adamawa_maiha,111215,Northeast,1271.281303,148,87.4826049416,adamawa_maiha,13.1626594484,9.8424596387
481,Kebbi,Maiyama,kebbi_maiyama,175686,Northwest,1028.87805,Others,170.754930577,kebbi_maiyama,4.3392040654,11.8689179651
482,Kaduna,Makarfi,kaduna_makarfi,146259,Northwest,540.5886596,Others,270.5550651178,kaduna_makarfi,7.9793591398,11.3215807621
483,Kano,Makoda,kano_makoda,222399,Northwest,441.2913488,Others,503.9731701171,kano_makoda,8.4887866989,12.4286702171
484,Jigawa,Malam Madori,jigawa_malam_madori,161413,Northwest,765.3381831,Others,210.9041513468,jigawa_malam_maduri,10.0085391117,12.56752343
485,Katsina,Malumfashi,katsina_malumfashi,182920,Northwest,674.0145325,Others,271.3888071842,katsina_malumfashi,7.6583201217,11.8645035967
486,Plateau,Mangu,plateau_mangu,294931,North-Central,1652.392569,Others,178.4872466344,plateau_mangu,9.1822916655,9.4009287079
487,Katsina,Mani,katsina_mani,176966,Northwest,784.4351771,Others,225.5967161675,katsina_mani,7.9247548324,12.8928648456
488,Zamfara,Maradun,zamfara_maradun,210852,Northwest,2729.505114,Others,77.2491683267,zamfara_maradun,6.2543484422,12.7574644446
489,Niger,Mariga,niger_mariga,199430,North-Central,5555.932327,Others,35.8949656444,niger_mariga,5.8211908411,10.6773155853
490,Benue,Makurdi,benue_makurdi,297398,North-Central,819.9766276,Others,362.6908255549,benue_makurdi,8.5195917827,7.7373747445
491,Borno,Marte,borno_marte,229370,Northeast,3148.690693,Others,72.8461517385,borno_marte,13.8451467195,12.4047340675
492,Zamfara,Maru,zamfara_maru,291900,Northwest,6657.202419,113,43.847247181,zamfara_maru,6.3002969023,11.4999703804
493,Niger,Mashegu,niger_mashegu,215022,North-Central,9189.618326,Others,23.3983602335,niger_mashegu,5.2466113541,9.867463704
494,Katsina,Mashi,katsina_mashi,173134,Northwest,904.7329356,113,191.3647588005,katsina_mashi,7.9900861101,13.1258651975
495,Katsina,Matazu,katsina_matazu,115325,Northwest,503.2248054,Others,229.1719302436,katsina_matazu,7.6251974746,12.2640867233
496,Adamawa,Mayo-Belwa,adamawa_mayo_belwa,153129,Northeast,1766.114066,Others,86.7039128151,adamawa_mayo_belwa,11.9446826368,8.9568341003
497,Imo,Mbaitoli,imo_mbaitoli,237555,Southeast,204.0664026,Others,1164.1063740691,imo_mbaitoli,7.0257176505,5.5960566861
498,Akwa Ibom,Mbo,akwa_ibom_mbo,104012,South-South,215.1422705,113,483.4568295587,akwa_ibom_mbo,8.2513200761,4.6473829666
499,Adamawa,Michika,adamawa_michika,155302,Northeast,965.6970725,113,160.8185469569,adamawa_michika,13.3983795359,10.5746150628
500,Jigawa,Miga,jigawa_miga,128424,Northwest,585.5921233,Pilot,219.3062284996,jigawa_miga,9.6946301816,12.2324702224
501,Plateau,Mikang,plateau_mikang,97411,North-Central,739.0941768,113,131.7978182723,plateau_mikang,9.5993194181,9.0105101142
502,Kano,Minjibir,kano_minjibir,213794,Northwest,415.9763537,148,513.9570989994,kano_minjibir,8.6281623202,12.1876327964
503,Bauchi,Misau,bauchi_misau,263487,Northeast,1225.552602,Others,214.9944437881,bauchi_misau,10.4483033159,11.3902172481
504,Ekiti,Moba,ekiti_moba,146496,Southwest,199.6412389,Others,733.796287817,ekiti_moba,5.1301511862,7.9959638045
505,Borno,Mobbar,borno_mobbar,116654,Northeast,2786.205968,148,41.8684050425,borno_mobbar,12.682635304,13.062684836
506,Adamawa,Mubi North,adamawa_mubi_north,151072,Northeast,901.234246,148,167.6278954894,adamawa_mubi_north,13.3100042049,10.3231903005
507,Adamawa,Mubi South,adamawa_mubi_south,128937,Northeast,413.500381,Others,311.8183342133,adamawa_mubi_south,13.3242981224,10.174319575
508,Niger,Mokwa,niger_mokwa,244937,North-Central,4341.392669,Others,56.4189924005,niger_mokwa,5.243043805,9.2129137756
509,Borno,Monguno,borno_monguno,109851,Northeast,1910.15426,Others,57.5089678883,borno_monguno,13.5990116007,12.5372114843
510,Kogi,Mopa Muro,kogi_mopa_muro,44037,North-Central,901.915616,Others,48.8260755427,kogi_mopa_muro,5.9092630426,8.1515381098
511,Kwara,Moro,kwara_moro,108792,North-Central,3275.667914,Others,33.2121579037,kwara_moro,4.5692743585,8.8424475585
512,Niger,Munya,niger_munya,103651,North-Central,2176.987338,113,47.6121280959,niger_moya,7.0411708355,9.8198069021
513,Akwa Ibom,Mpkat-Enin,akwa_ibom_mpkat_enin,178036,South-South,329.5264845,Others,540.2782731414,akwa_ibom_mpkat_enin,7.7643305063,4.6946065176
514,FCT,Municipal-Area-Council,fct_municipal_area_council,778567,North-Central,1769.431546,Others,440.0096752881,fct_municipal_area_council,7.3980952983,8.9757488916
515,Katsina,Musawa,katsina_musawa,171714,Northwest,848.6334685,113,202.3417722418,katsina_musawa,7.6893441781,12.0922781663
516,Lagos,Mushin,lagos_mushin,633009,Southwest,17.50485671,Others,36161.9069774151,lagos_mushin,3.3512247616,6.5311374425
517,Gombe,Nafada,gombe_nafada,138185,Northeast,1584.563756,148,87.2069675182,gombe_nafada,11.1980203402,11.0640071595
518,Yobe,Nangere,yobe_nangere,87823,Northeast,979.0593379,148,89.7014068508,yobe_nangere,10.9673147961,11.8131133121
519,Kano,Nassarawa,kano_nassarawa,596669,Northwest,34.09781677,Others,17498.7449790323,kano_nassarawa,8.5842363045,11.992452438
520,Nasarawa,Nasarawa,nasarawa_nasarawa,596669,North-Central,5736.162057,148,104.0188533851,nasarawa_nasarawa,7.7894060575,8.3326310246
521,Nasarawa,Nasarawa-Eggon,nasarawa_nasarawa_eggon,149129,North-Central,1208.153056,148,123.4355194149,nasarawa_nasarawa_eggon,8.4374928324,8.745451516
522,Delta,Ndokwa-East,delta_ndokwa_east,103171,South-South,1618.051663,148,63.7624881573,delta_ndokwa_east,6.5117875946,5.6869873695
523,Delta,Ndokwa-West,delta_ndokwa_west,149325,South-South,816.4445634,Others,182.8966799389,delta_ndokwa_west,6.3412877567,5.8013892616
524,Bayelsa,Nembe,bayelsa_nembe,130931,South-South,760.2754602,148,172.215212583,bayelsa_nembe,6.2937532281,4.5090133992
525,Borno,Ngala,borno_ngala,237071,Northeast,1462.471261,Others,162.103014481,borno_ngala,14.1884509321,12.2224797165
526,Borno,Nganzai,borno_nganzai,99799,Northeast,2463.091012,Others,40.5177882237,borno_nganzai,13.1145676222,12.4843667177
527,Kebbi,Ngaski,kebbi_ngaski,124766,Northwest,2635.358073,148,47.3430921127,kebbi_ngaski,4.7634449286,10.5741307022
528,Imo,Ngor-Okpala,imo_ngor_okpala,159932,Southeast,561.3238092,113,284.9193235326,imo_ngor_okpala,7.1580128635,5.3094197495
529,Yobe,Nguru,yobe_nguru,150632,Northeast,915.5044164,Others,164.534432933,yobe_nguru,10.4032847245,12.9790195009
530,Bauchi,Ningi,bauchi_ningi,387192,Northeast,4623.216777,148,83.7494797835,bauchi_ningi,9.2317008941,11.0488884852
531,Imo,Njaba,imo_njaba,145110,Southeast,83.96917055,148,1728.1342551025,imo_njaba,7.0082054536,5.7058688229
532,Anambra,Njikoka,anambra_njikoka,148465,Southeast,95.14449554,Others,1560.416071969,anambra_njikoka,6.9931364499,6.1864847149
533,Enugu,Nkanu East,enugu_nkanu_east,148774,Southeast,794.7336948,Others,187.1998141937,enugu_nkanu,7.6642538867,6.3199088998
534,Enugu,Nkanu West,enugu_nkanu_west,146695,Southeast,224.7961883,148,652.5688941141,enugu_nkanu_west,7.5212029692,6.3219225693
535,Imo,Nkwerre,imo_nkwerre,80152,Southeast,38.07506643,Others,2105.1046659986,imo_nkwerre,7.1043038194,5.7498044962
536,Anambra,Nnewi North,anambra_nnewi_north,157569,Southeast,59.85220362,Others,2632.6348984642,anambra_nnewi_north,6.9028038588,6.004252091
537,Anambra,Nnewi South,anambra_nnewi_south,233658,Southeast,173.958056,148,1343.1858539509,anambra_nnewi_south,6.9729772609,5.9535231138
538,Akwa Ibom,Nsit-Atai,akwa_ibom_nsit_atai,74595,South-South,134.3068003,Others,555.4074688205,akwa_ibom_nsit_atai,8.0309795137,4.8263786135
539,Akwa Ibom,Nsit-Ibom,akwa_ibom_nsit_ibom,108611,South-South,141.8677434,Others,765.5792458316,akwa_ibom_nsit_ibom,7.8941969263,4.8936990039
540,Akwa Ibom,Nsit-Ubium,akwa_ibom_nsit_ubium,128231,South-South,205.7718265,113,623.1708304344,akwa_ibom_nsit_ubuim,7.9596255363,4.7482884146
541,Enugu,Nsukka,enugu_nsukka,309633,Southeast,484.2060429,Others,639.4653774776,enugu_nsukka,7.3727385714,6.8422480792
542,Adamawa,Numan,adamawa_numan,90723,Northeast,904.2490604,Others,100.3296591316,adamawa_numan,11.81829981,9.4311157504
543,Imo,Nwangele,imo_nwangele,128472,Southeast,63.28562693,Pilot,2030.0344048437,imo_nwangele,7.1261334697,5.7130847806
544,Ogun,Obafemi-Owode,ogun_obafemi_owode,228851,Southwest,1411.679763,148,162.112545634,ogun_obafemi_owode,3.4823090482,6.9925767429
545,Cross River,Obanliku,cross_river_obanliku,110324,South-South,1056.104754,148,104.4631222255,cross_river_obanliku,9.303905565,6.5195766557
546,Nasarawa,Obi,nasarawa_obi,148874,North-Central,967.944363,113,153.804294638,nasarawa_obi,8.7385921577,8.3516104495
547,Benue,Obi,benue_obi,98855,North-Central,422.5384962,Others,233.9550144875,benue_obi,8.2826497812,7.0273570431
548,Abia,Obi Ngwa,abia_obi_ngwa,181439,Southeast,395.2928851,113,458.9989014199,abia_obi_nwa,7.468273597,5.1425409601
549,Rivers,Obio/Akpor,rivers_obio_akpor,464789,South-South,259.6788618,Others,1789.860740987,rivers_obio_akpor,7.0125373426,4.8657393725
550,Osun,Obokun,osun_obokun,116511,Southwest,527.2962539,Others,220.9592788461,osun_obokun,4.762644386,7.7807565284
551,Akwa Ibom,Obot-Akara,akwa_ibom_obot_akara,148281,South-South,237.5241582,Others,624.2775519076,akwa_ibom_obot_akara,7.6056589692,5.247795133
552,Imo,Obowo,imo_obowo,118114,Southeast,93.28285205,148,1266.1919892489,imo_obowo,7.362579939,5.5653200951
553,Cross River,Obubra,cross_river_obubra,172444,South-South,1114.494737,148,154.7284112478,cross_river_obubra,8.3756500919,5.9804792803
554,Cross River,Obudu,cross_river_obudu,160106,South-South,453.1460603,Others,353.320957693,cross_river_obudu,9.061024905,6.555498526
555,Ogun,Odeda,ogun_odeda,109449,Southwest,1562.191301,113,70.0612018067,ogun_odeda,3.5187970454,7.2924181835
556,Ondo,Odigbo,ondo_odigbo,230351,Southwest,1820.171883,Others,126.5545315535,ondo_odigbo,4.7363761153,6.7567490673
557,Ogun,Odogbolu,ogun_odogbolu,127123,Southwest,541.6180828,Others,234.7096672674,ogun_odogbolu,3.8203697998,6.7812221093
558,Osun,Odo-otin,osun_odo_otin,134110,Southwest,294.7509349,113,454.9943159485,osun_odo_otin,4.6751829201,8.0078771809
559,Cross River,Odukpani,cross_river_odukpani,192444,South-South,1354.442988,113,142.0834997892,cross_river_odukpani,8.1471332001,5.1652565614
560,Kwara,Offa,kwara_offa,89674,North-Central,95.4916054,Others,939.0773107685,kwara_offa,4.6841418321,8.1512064557
561,Kogi,Ofu,kogi_ofu,192169,North-Central,1680.458991,Others,114.3550666986,kogi_ofu,7.0375839355,7.325493115
562,Rivers,Ogba/Egbema/Ndoni,rivers_ogba_egbema_ndoni,284010,South-South,969.7606397,Others,292.8660830036,rivers_ogba_egbema_ndoni,6.6360433756,5.3985001976
563,Benue,Ogbadibo,benue_ogbadibo,128707,North-Central,597.9435825,Others,215.2494044035,benue_ogbadibo,7.6801174943,7.0043781689
564,Anambra,Ogbaru,anambra_ogbaru,221879,Southeast,453.5161543,Others,489.2416684527,anambra_ogbaru,6.7386543836,5.9072942028
565,Bayelsa,Ogbia,bayelsa_ogbia,179926,South-South,695.165229,148,258.8247980395,bayelsa_ogbia,6.3299773081,4.7695465333
566,Oyo,Ogbomoso North,oyo_ogbomoso_north,198720,Southwest,184.7151775,Others,1075.8184719282,oyo_ogbomoso_north,4.2677264597,8.1520714836
567,Oyo,Ogbomoso South,oyo_ogbomoso_south,100815,Southwest,68.34389732,Others,1475.1134183637,oyo_ogbomoso_south,4.2354745784,8.0772170381
568,Rivers,Ogu Bolo,rivers_ogu_bolo,74683,South-South,88.70791866,148,841.8977823868,rivers_ogo_bolo,7.1981559736,4.6666025958
569,Cross River,Ogoja,cross_river_ogoja,171901,South-South,972.2577511,Others,176.8059959466,cross_river_ogoja,8.7210045627,6.5105964495
570,Oyo,Ogo Oluwa,oyo_ogo_oluwa,65184,Southwest,368.9994548,148,176.6506675066,oyo_ogo_oluwa,4.2128296485,7.9550016332
571,Kogi,Ogori/Magongo,kogi_ogori_magongo,39622,North-Central,79.4399695,Others,498.7665560471,kogi_ogori_magongo,6.1605461792,7.4770137183
572,Ogun,Ogun waterside,ogun_ogun_waterside,72935,Southwest,1001.581011,148,72.819870983,ogun_ogun_waterside,4.4104543429,6.4919404264
573,Imo,Oguta,imo_oguta,143008,Southeast,483.6417368,Others,295.6899479896,imo_oguta,6.7993181192,5.6660109331
574,Abia,Ohafia,abia_ohafia,245144,Southeast,438.2592552,113,559.358409643,abia_ohafia,7.801600055,5.6679554086
575,Imo,Ohaji/Egbema,imo_ohaji_egbema,182538,Southeast,890.5895668,Others,204.9631017528,imo_ohaji_egbema,6.8227905459,5.4253831206
576,Ebonyi,Ohaozara,ebonyi_ohaozara,148626,Southeast,311.662408,148,476.881382499,ebonyi_ohaozara,7.7816077053,6.0075020111
577,Ebonyi,Ohaukwu,ebonyi_ohaukwu,196337,Southeast,516.8795589,Others,379.8505795389,ebonyi_ohaukwu,8.0176656113,6.5325309878
578,Benue,Ohimini,benue_ohimini,71482,North-Central,632.058932,Others,113.0938847329,benue_ohimini,7.951734937,7.2513028004
579,Edo,Orhionmwon,edo_orhionmwon,182717,South-South,2383.070819,113,76.6729207304,edo_ohionmwon,6.0032460106,6.0624643722
580,Enugu,Oji-River,enugu_oji_river,126587,Southeast,403.2371531,148,313.9269261942,enugu_oji_river,7.2871665575,6.1624836632
581,Lagos,Ojo,lagos_ojo,598071,Southwest,158.3905153,Others,3775.9268531151,lagos_ojo,3.1641265056,6.4555221055
582,Benue,Oju,benue_oju,170236,North-Central,1282.42443,Others,132.7454437218,benue_oju,8.3748981077,6.8619461966
583,Kogi,Okehi,kogi_okehi,199999,North-Central,661.39015,148,302.3918635619,kogi_okehi,6.3293000643,7.729004702
584,Kogi,Okene,kogi_okene,320260,North-Central,327.9823093,Others,976.45510419,kogi_okene,6.344212067,7.4732793278
585,Kwara,Oke-Ero,kwara_oke_ero,57619,North-Central,438.0978846,148,131.520835926,kwara_oke_ero,5.2769446199,8.1934311697
586,Imo,Okigwe,imo_okigwe,132237,Southeast,320.3747651,Others,412.7572281129,imo_okigwe,7.3204032278,5.8321673143
587,Ondo,Okitipupa,ondo_okitipupa,233565,Southwest,804.0500277,Others,290.4856563069,ondo_okitipupa,4.7160709045,6.5534670094
588,Akwa Ibom,Okobo,akwa_ibom_okobo,104057,South-South,299.4975974,Others,347.4385133749,akwa_ibom_okobo,8.133241368,4.8213761672
589,Delta,Okpe,delta_okpe,130029,South-South,445.3813938,Others,291.9497801437,delta_okpe,5.7892711985,5.6847770917
590,Rivers,Okrika,rivers_okrika,222026,South-South,222.0710514,148,999.7971306944,rivers_okrika,7.1008750965,4.6872090321
591,Kogi,Olamaboro,kogi_olamaboro,160152,North-Central,1132.022936,Others,141.4741653256,kogi_olamabolo,7.5360528615,7.1920683327
592,Osun,Ola-oluwa,osun_ola_oluwa,76593,Southwest,328.1136164,148,233.4343842245,osun_ola_oluwa,4.2054410292,7.7552788995
593,Osun,Olorunda,osun_olorunda,131761,Southwest,96.80194761,Others,1361.1399693201,osun_olorunda,4.5711083801,7.8582164652
594,Oyo,Olorunsogo,oyo_olorunsogo,81759,Southwest,1070.286859,Others,76.3898008394,oyo_olorunsogo,4.083244242,8.7752950637
595,Oyo,Oluyole,oyo_oluyole,202725,Southwest,629.606662,Others,321.9867454325,oyo_oluyole,3.8852427267,7.195231675
596,Kogi,Omala,kogi_omala,108402,North-Central,1666.86705,113,65.0333810366,kogi_omala,7.5466013059,7.8086453551
597,Rivers,Omumma,rivers_omumma,100366,South-South,170.0078535,113,590.360962354,rivers_omuma,7.2338393032,5.0853594334
598,Oyo,Ona-ara,oyo_ona_ara,265059,Southwest,289.8727639,Others,914.3977393179,oyo_ona_ara,4.0404356223,7.2657682681
599,Ondo,Ondo East,ondo_ondo_east,74758,Southwest,354.2360332,113,211.0400777828,ondo_ondo_east,4.9540347927,7.0841431279
600,Ondo,Ondo west,ondo_ondo_west,283672,Southwest,971.3875536,Others,292.0276247608,ondo_ondo_west,4.7413729136,7.0156302347
601,Ebonyi,Onicha,ebonyi_onicha,236828,Southeast,476.231073,Others,497.2964038405,ebonyi_onicha,7.8507377988,6.1140340767
602,Anambra,Onitsha North,anambra_onitsha_north,124942,Southeast,42.14007024,Others,2964.9214936857,anambra_onitsha_north,6.7996846121,6.1608111666
603,Anambra,Onitsha,anambra_onitsha,136662,Southeast,10.01234052,Others,13649.3559849481,anambra_onitsha,6.7723584482,6.137031329
604,Akwa Ibom,Onna,akwa_ibom_onna,123373,South-South,162.1015364,Others,761.0847049319,akwa_ibom_onna,7.8545300832,4.6279923625
605,Benue,Okpokwu,benue_okpokwu,176647,North-Central,731.1503433,148,241.6014731016,benue_okpokwu,7.861125846,7.048291051
606,Rivers,Opobo/Nkoro,rivers_opobo_nkoro,151511,South-South,130.1289695,Others,1164.3141460519,rivers_opobo_nkoro,7.5100042462,4.5080211406
607,Edo,Oredo,edo_oredo,374671,South-South,249.3820332,Others,1502.3977276644,edo_oredo,5.5525980935,6.2254936207
608,Oyo,Orelope,oyo_orelope,104441,Southwest,918.3821959,Others,113.7228056753,oyo_orelope,3.797943494,8.8183203312
609,Osun,Oriade,osun_oriade,148617,Southwest,465.7959189,Others,319.0603308654,osun_oriade,4.8723895535,7.5401554536
610,Oyo,OriIre,oyo_oriire,150628,Southwest,2118.700884,113,71.0945094409,oyo_oriire,4.1428946958,8.345340823
611,Imo,Orlu,imo_orlu,142717,Southeast,131.6468538,Others,1084.089713354,imo_orlu,7.0377518157,5.8035896772
612,Osun,Orolu,osun_orolu,103077,Southwest,79.7033529,Others,1293.2580154981,osun_orolu,4.4726641063,7.9004440154
613,Akwa Ibom,Oron,akwa_ibom_oron,87461,South-South,53.64798335,Others,1630.2756327186,akwa_ibom_oron,8.2323333938,4.8099141815
614,Imo,Orsu,imo_orsu,120003,Southeast,55.85168391,Others,2148.6012882508,imo_orsu,6.9811042461,5.8437497551
615,Imo,Oru East,imo_oru_east,111822,Southeast,135.7261064,Others,823.8798191886,imo_oru_east,6.9415153047,5.7143524905
616,Akwa Ibom,Oruk Anam,akwa_ibom_oruk_anam,172654,South-South,523.5944915,113,329.7475485378,akwa_ibom_oruk_anam,7.658545836,4.8034482935
617,Anambra,Orumba North,anambra_orumba_north,172405,Southeast,297.2528423,Others,579.9944541018,anambra_orumba_north,7.1670412054,6.1106285268
618,Anambra,Orumba South,anambra_orumba_south,187198,Southeast,192.3580533,113,973.1747477609,anambra_orumba_south,7.2272148641,5.9971193073
619,Imo,Oru West,imo_oru_west,117492,Southeast,93.32033027,Others,1259.0182617235,imo_oru_west,6.8913386975,5.7437941626
620,Ondo,Ose,ondo_ose,144901,Southwest,1465.905668,148,98.847424608,ondo_ose,5.7337862819,7.0463828894
621,Delta,Oshimili North,delta_oshimili_north,115316,South-South,509.7564675,Others,226.2178262603,delta_oshimili_north,6.645232995,6.3151897947
622,Delta,Oshimili South,delta_oshimili_south,149603,South-South,267.7337215,Others,558.7753352915,delta_oshimili_south,6.6774881813,6.0937838712
623,Lagos,Oshodi-Isolo,lagos_oshodi_isolo,621509,Southwest,44.82284879,Others,13865.8968980717,lagos_oshodi_isolo,3.314105398,6.5309831419
624,Abia,Osisioma Ngwa,abia_osisioma_ngwa,219632,Southeast,197.7711375,Others,1110.5361620322,abia_osisioma_ngwa,7.3327396739,5.1956543861
625,Osun,Osogbo,osun_osogbo,156694,Southwest,46.61160243,Others,3361.6951967124,osun_osogbo,4.5731352234,7.761243819
626,Benue,Oturkpo,benue_oturkpo,261666,North-Central,1269.386497,Others,206.1357991584,benue_oturkpo,8.0749388672,7.3073555912
627,Edo,Ovia North East,edo_ovia_north_east,153849,South-South,2302.510617,Others,66.8179329399,edo_ovia_north_east,5.5354059446,6.4875520464
628,Edo,Ovia-South-West,edo_ovia_south_west,135356,South-South,2805.720473,148,48.2428671361,edo_ovia_south_west,5.2723301414,6.4867322215
629,Edo,Owan East,edo_owan_east,154385,South-South,1241.134812,Others,124.3901939639,edo_owan_east,6.0578528718,7.045017691
630,Edo,Owan West,edo_owan_west,97388,South-South,732.0475785,Others,133.0350688401,edo_owan_west,5.8984287933,6.9213586968
631,Imo,Owerri-Municipal,imo_owerri_municipal,127213,Southeast,57.97098254,Others,2194.4254595344,imo_owerri_municipal,7.0165497799,5.4774253758
632,Imo,Owerri North,imo_owerri_north,175395,Southeast,198.2641868,Others,884.6529614394,imo_owerri_north,7.0900183219,5.4507192003
633,Imo,Owerri West,imo_owerri_west,99265,Southeast,294.6143256,Others,336.9320205249,imo_owerri_west,6.9690144395,5.4334821627
634,Ondo,Owo,ondo_owo,218886,Southwest,1027.579274,Others,213.0113029119,ondo_owo,5.5643402548,7.1511506279
635,Ekiti,Oye,ekiti_oye,134210,Southwest,507.4410588,148,264.483919211,ekiti_oye,5.3448542828,7.8844186746
636,Anambra,Oyi,anambra_oyi,168029,Southeast,136.4790225,Others,1231.170892948,anambra_oyi,6.9010697528,6.2266698368
637,Rivers,Oyigbo,rivers_oyigbo,122687,South-South,247.7981366,Others,495.1086464304,rivers_oyigbo,7.3207908371,4.8359159564
638,Oyo,Oyo,oyo_oyo,136236,Southwest,526.41231,Others,258.8009387546,oyo_oyo,3.8210332672,7.9339807534
639,Oyo,Oyo East,oyo_oyo_east,123846,Southwest,144.048124,Others,859.7543415421,oyo_oyo_east,4.0254284584,7.8755218508
640,Kwara,Oyun,kwara_oyun,94253,North-Central,476.8022874,Others,197.677323475,kwara_oyun,4.6521162161,8.1682732121
641,Niger,Paikoro,niger_paikoro,158086,North-Central,2066.93531,Others,76.4832838431,niger_paikoro,6.8624755109,9.4702158161
642,Plateau,Pankshin,plateau_pankshin,191685,North-Central,1522.961775,148,125.8633034306,plateau_pankshin,9.4384921887,9.2701736881
643,Delta,Patani,delta_patani,67707,South-South,217.1697872,Others,311.7698869302,delta_patani,6.0916713217,5.1704135934
644,Kwara,Patigi,kwara_patigi,112317,North-Central,2915.204402,148,38.5280016465,kwara_patigi,5.7987876294,8.6308521443
645,Rivers,Port-Harcourt,rivers_port_harcourt,541115,South-South,109.2717906,Others,4952.010002113,rivers_port_harcourt,7.0234995968,4.7758813488
646,Yobe,Potiskum,yobe_potiskum,205876,Northeast,558.2870221,Others,368.7637216169,yobe_potiskum,11.1568999523,11.7128427343
647,Plateau,Qua'an-Pan,plateau_qua_an_pan,196929,North-Central,2476.802254,Others,79.5093753173,plateau_qua_an_pan,9.1610528656,8.7540299196
648,Sokoto,Rabah,sokoto_rabah,149165,Northwest,2434.268091,Others,61.2771455007,sokoto_rabah,5.7320095616,12.9925822135
649,Niger,Rafi,niger_rafi,181929,North-Central,3681.986721,148,49.4105529937,niger_rafi,6.2706379345,10.1767166982
650,Kano,Rano,kano_rano,145439,Northwest,520.4049643,Others,279.4727375355,kano_rano,8.5265645252,11.4746125637
651,Ogun,Remo North,ogun_remo_north,59911,Southwest,199.5865092,Others,300.1755992434,ogun_remo_north,3.7322748783,7.0056340883
652,Niger,Rijau,niger_rijau,176053,North-Central,3198.330985,Others,55.0452723079,niger_rijau,5.1344137075,11.0902949252
653,Katsina,Rimi,katsina_rimi,153744,Northwest,452.1943509,Others,339.9954017426,katsina_rimi,7.6939568396,12.8303398436
654,Kano,Rimin Gado,kano_rimin_gado,104790,Northwest,225.2386748,Others,465.2398176869,kano_rimin_gado,8.2943052711,11.935463236
655,Jigawa,Ringim,jigawa_ringim,192024,Northwest,1056.267941,148,181.7947819359,jigawa_ringim,9.1057700553,12.1824916665
656,Plateau,Riyom,plateau_riyom,131557,North-Central,806.6411699,113,163.092345034,plateau_riyom,8.6901387787,9.5642682175
657,Kano,Rogo,kano_rogo,227742,Northwest,801.8394043,Others,284.0244552446,kano_rogo,7.8489912888,11.5121332801
658,Jigawa,Roni,jigawa_roni,77819,Northwest,322.3295014,Others,241.4268618355,jigawa_roni,8.3329573718,12.5887121814
659,Sokoto,Sabon-Birni,sokoto_sabon_birni,207599,Northwest,2355.153927,Others,88.1466801894,sokoto_sabon_birni,6.2656537575,13.4740474807
660,Kaduna,Sabon-Gari,kaduna_sabon_gari,286871,Northwest,263.4926649,Others,1088.7248041947,kaduna_sabon_gari,7.6788367777,11.1721326689
661,Katsina,Sabuwa,katsina_sabuwa,136050,Northwest,642.2049128,Others,211.8482703703,katsina_sabuwa,7.0858527679,11.3127964271
662,Katsina,Safana,katsina_safana,183779,Northwest,281.5126596,Others,652.8267690026,katsina_safana,8.3620906483,12.8986641359
663,Bayelsa,Sagbama,bayelsa_sagbama,187146,South-South,945.5708439,113,197.9185390574,bayelsa_sagbama,6.2172606958,5.1280713622
664,Kebbi,Sakaba,kebbi_sakaba,89937,Northwest,1260.680607,148,71.3400360889,kebbi_sakaba,5.5437577372,11.1401108465
665,Oyo,Saki East,oyo_saki_east,110223,Southwest,1571.530212,Others,70.1373725801,oyo_saki_east,3.601091721,8.6970044377
666,Oyo,Saki west,oyo_saki_west,278002,Southwest,2016.857361,Others,137.8391974444,oyo_saki_west,3.1250149258,8.61130826
667,Katsina,Sandamu,katsina_sandamu,137287,Northwest,1418.598395,Others,96.7765087595,katsina_sandamu,7.2475382622,12.4852861367
668,Kaduna,Sanga,kaduna_sanga,149333,Northwest,1255.506072,Others,118.9424753336,kaduna_sanga,8.5007057991,9.238396101
669,Delta,Sapele,delta_sapele,171888,South-South,450.5395605,Others,381.5158868829,delta_sapele,5.6544709084,5.8312053501
670,Taraba,Sardauna,taraba_sardauna,224437,Northeast,4598.883866,148,48.8024935048,taraba_sardauna,11.2267755427,6.8759638725
671,Ogun,Shagamu,ogun_shagamu,253412,Southwest,614.7449061,Others,412.2230171986,ogun_shagamu,3.5831289168,6.7816821049
672,Sokoto,Shagari,sokoto_shagari,156413,Northwest,1333.181447,Others,117.3231148333,sokoto_shagari,5.1123055434,12.5376943387
673,Kebbi,Shanga,kebbi_shanga,127146,Northwest,1643.482315,Others,77.3637774131,kebbi_shanga,4.6825440722,11.2188537489
674,Borno,Shani,borno_shani,102317,Northeast,1260.951921,113,81.1426655497,borno_shani,11.9771845957,10.1777928174
675,Kano,Shanono,kano_shanono,140607,Northwest,696.6236633,Others,201.84068875,kano_shanono,7.9480208386,12.081366167
676,Adamawa,Shelleng,adamawa_shelleng,149069,Northeast,1357.69013,148,109.7960401318,adamawa_shelleng,12.1384808311,9.9250631289
677,Plateau,Shendam,plateau_shendam,208017,North-Central,2475.857797,Others,84.0181533253,plateau_shendam,9.5282010055,8.6935138272
678,Zamfara,Shinkafi,zamfara_shinkafi,135649,Northwest,674.5766761,Others,201.0875928653,zamfara_shinkafi,6.4975422708,13.0299456811
679,Bauchi,Shira,bauchi_shira,234014,Northeast,1319.951682,148,177.2898229467,bauchi_shira,10.0090729535,11.4929603247
680,Niger,Shiroro,niger_shiroro,235404,North-Central,5017.363372,Others,46.9178695156,niger_shiroro,6.6880085218,10.1133363949
681,Gombe,Shongom,gombe_shongom,151520,Northeast,920.9503452,148,164.5256997728,gombe_shongom,11.1984502305,9.6568739528
682,Lagos,Shomolu,lagos_shomolu,402673,Southwest,11.56664488,Others,34813.2932391022,lagos_shomolu,3.3846405948,6.5354071581
683,Sokoto,Silame,sokoto_silame,104378,Northwest,790.7830422,Others,131.9932199224,sokoto_silame,4.8126208319,12.9917693966
684,Kaduna,Soba,kaduna_soba,293270,Northwest,2233.615899,Others,131.2983132558,kaduna_soba,7.9893345353,10.9607785391
685,Sokoto,Sokoto North,sokoto_sokoto_north,232846,Northwest,50.9355555,Others,4571.3843250419,sokoto_sokoto_north,5.2243338199,13.0732252948
686,Sokoto,Sokoto South,sokoto_sokoto_south,194914,Northwest,41.13577492,Others,4738.3086955105,sokoto_sokoto_south,5.2392802877,13.0265550762
687,Adamawa,Song,adamawa_song,192697,Northeast,4249.844952,Pilot,45.3421247543,adamawa_song,12.6242847485,9.8133417073
688,Bayelsa,Southern Ijaw,bayelsa_southern_ijaw,319413,South-South,2683.720281,113,119.0187376312,bayelsa_southern_ijaw,5.9283012965,4.6650088747
689,Niger,Suleja,niger_suleja,216578,North-Central,118.9960649,Others,1820.0433785941,niger_suleja,7.1886358617,9.2144584214
690,Jigawa,Sule Tankarkar,jigawa_sule_tankarkar,130849,Northwest,1282.426676,113,102.0323441868,jigawa_sule_tankakar,9.2219872525,12.6427388033
691,Kano,Sumaila,kano_sumaila,253661,Northwest,1250.13163,148,202.9074330357,kano_sumaila,8.918352118,11.3171950492
692,Kebbi,Suru,kebbi_suru,150230,Northwest,1353.288897,113,111.0110341798,kebbi_suru,4.0822043636,11.8180682332
693,Oyo,Surulere,oyo_surulere,142070,Southwest,851.9419917,Others,166.7601801345,oyo_surulere,4.4141414043,8.0894544147
694,Lagos,Surulere,lagos_surulere,503975,Southwest,23.03237442,Others,21881.1569667076,lagos_surulere,3.3508536166,6.4920874614
695,Niger,Tafa,niger_tafa,83544,North-Central,221.6531091,Others,376.9132783168,niger_tafa,7.2856897379,9.2723058544
696,Bauchi,Tafawa-Balewa,bauchi_tafawa_balewa,219988,Northeast,2513.491868,Others,87.5228612436,bauchi_tafawa_balewa,9.6008375923,9.8191478155
697,Rivers,Tai,rivers_tai,117797,South-South,158.5865754,Others,742.793011974,rivers_tai,7.2551827328,4.7615149763
698,Kano,Takai,kano_takai,202743,Northwest,597.7212688,113,339.1932169438,kano_takai,9.1560680709,11.4974457843
699,Taraba,Takum,taraba_takum,135349,Northeast,2501.922898,113,54.0979900333,taraba_takum,9.8856964808,7.1502466583
700,Zamfara,Talata-Mafara,zamfara_talata_mafara,215178,Northwest,1430.84328,Others,150.3854426321,zamfara_talata_mafara,6.0489578847,12.36794665
701,Sokoto,Tambuwal,sokoto_tambuwal,224931,Northwest,1718.84649,113,130.861598932,sokoto_tambuwal,4.8176819523,12.3513756899
702,Sokoto,Tangaza,sokoto_tangaza,113853,Northwest,2479.3438,148,45.9206181894,sokoto_tangaza,4.9713951805,13.4885994113
703,Kano,Tarauni,kano_tarauni,221367,Northwest,28.38943101,Others,7797.514501859,kano_tarauni,8.5428452279,11.956188241
704,Benue,Tarka,benue_tarka,79494,North-Central,370.7770313,Others,214.3983938845,benue_tarka,8.828192625,7.6262075843
705,Yobe,Tarmuwa,yobe_tarmuwa,77204,Northeast,4588.744031,148,16.824647328,yobe_tarmuwa,11.8039904794,12.2054015376
706,Jigawa,Taura,jigawa_taura,131757,Northwest,652.3742118,Others,201.9653714338,jigawa_taura,9.3832702457,12.2807503607
707,Adamawa,Teungo,adamawa_teungo,52040,Northeast,5472.009653,Others,9.5102171414,adamawa_teungo,11.8244343443,7.9614704472
708,Kano,Tofa,kano_tofa,97734,Northwest,201.608025,Others,484.7723695523,kano_tofa,8.3378358898,12.0126670834
709,Bauchi,Toro,bauchi_toro,350404,Northeast,6929.181605,148,50.5693197227,bauchi_toro,9.2268180299,10.4342986922
710,Nasarawa,Toto,nasarawa_toto,119077,North-Central,2903.582005,113,41.0103795226,nasarawa_toto,7.2051033086,8.257527353
711,Zamfara,Tsafe,zamfara_tsafe,266008,Northwest,1698.926609,148,156.5741560529,zamfara_tsafe,6.9010160884,11.8521164014
712,Kano,Tsanyawa,kano_tsanyawa,157680,Northwest,491.9089671,Others,320.5471144988,kano_tsanyawa,8.0024129882,12.2694200268
713,Kano,Tudun-Wada,kano_tudun_wada,231742,Northwest,1204.065909,Others,192.4662082597,kano_tudun_wada,8.5861015712,11.2527269371
714,Sokoto,Tureta,sokoto_tureta,68370,Northwest,2385.112582,148,28.6653135437,sokoto_tureta,5.5041054735,12.4750620304
715,Enugu,Udenu,enugu_udenu,178466,Southeast,248.2215213,Others,718.9787535961,enugu_udenu,7.5683791339,6.8736656214
716,Enugu,Udi,enugu_udi,234002,Southeast,897.2235011,Others,260.8068109151,enugu_udi,7.3313377819,6.4854427511
717,Delta,Udu,delta_udu,143361,South-South,130.8391094,148,1095.704492773,delta_udu,5.8288320527,5.4748147243
718,Akwa Ibom,Udung Uko,akwa_ibom_udung_uko,53278,South-South,60.47341931,148,881.0151734084,akwa_ibom_udung_uko,8.2594932145,4.7527269949
719,Delta,Ughelli North,delta_ughelli_north,321028,South-South,818.680416,Others,392.1285934364,delta_ughelli_north,6.054090485,5.5107204436
720,Delta,Ughelli South,delta_ughelli_south,213576,South-South,786.2731833,Others,271.630782451,delta_ughelli_south,5.9014922014,5.343675845
721,Abia,Ugwunagbo,abia_ugwunagbo,82618,Southeast,107.8673543,Others,765.9221878218,abia_ugwunagbo,7.3486848127,5.014104263
722,Edo,Uhunmwonde,edo_uhunmwonde,120813,South-South,2034.487419,Others,59.3825249897,edo_uhunmwonde,5.9107763769,6.5032700551
723,Akwa Ibom,Ukanafun,akwa_ibom_ukanafun,127033,South-South,246.4012564,Others,515.5533776734,akwa_ibom_ukanafun,7.6032590385,4.8929012674
724,Benue,Ukum,benue_ukum,216930,North-Central,1513.442469,Others,143.3354781853,benue_ukum,9.5686494753,7.6389348622
725,Abia,Ukwa East,abia_ukwa_east,58865,Southeast,280.0866854,148,210.1670770816,abia_ukwa_east,7.4181182312,4.9306994611
726,Abia,Ukwa West,abia_ukwa_west,88555,Southeast,270.7246871,148,327.1035270134,abia_ukwa_west,7.2495434908,4.9456946265
727,Delta,Ukwuani,delta_ukwuani,120390,South-South,409.3372608,113,294.1095559312,delta_ukwuani,6.2496255923,5.8445048046
728,Abia,Umuahia North,abia_umuahia_north,220660,Southeast,244.5984573,Others,902.131609642,abia_umuahia_north,7.4849904818,5.5952441079
729,Abia,Umuahia South,abia_umuahia_south,138570,Southeast,140.4096165,Others,986.8982157643,abia_umuahia_south,7.4554264447,5.4939050658
730,Abia,Umunneochi,abia_umunneochi,163928,Southeast,368.4908197,148,444.8631858277,abia_umu_neochi,7.4085555718,5.9642770083
731,Kano,Ungogo,kano_ungogo,369657,Northwest,204.4089753,Others,1808.4186345412,kano_ungogo,8.5391323714,12.0572592504
732,Imo,Onuimo,imo_onuimo,99247,Southeast,86.74752662,113,1144.0902567142,imo_unuimo,7.2264897817,5.787935828
733,Akwa Ibom,Uruan,akwa_ibom_uruan,118300,South-South,346.5393559,Others,341.3753675763,akwa_ibom_uruan,8.0552404948,5.0110082569
734,Akwa Ibom,Urue Offong/Oruko,akwa_ibom_urue_offong_oruko,71159,South-South,127.0164771,Others,560.2344012736,akwa_ibom_urue_offong_oruko,8.1695590015,4.7143760586
735,Benue,Ushongo,benue_ushongo,188341,North-Central,1227.608696,Others,153.4210376757,benue_ushongo,9.0686274221,7.1025127349
736,Taraba,Ussa,taraba_ussa,92017,Northeast,1494.314869,Others,61.5780528648,taraba_ussa,10.0333737405,7.0744365583
737,Delta,Uvwie,delta_uvwie,191472,South-South,95.22118617,Others,2010.8130102282,delta_uvwie,5.7827841987,5.5730813251
738,Akwa Ibom,Uyo,akwa_ibom_uyo,309573,South-South,186.5181455,Others,1659.7473622211,akwa_ibom_uyo,7.9167820408,5.008230544
739,Enugu,Uzo Uwani,enugu_uzo_uwani,124480,Southeast,854.9982898,148,145.5909344908,enugu_uzo_uwani,7.1412636172,6.7328447778
740,Benue,Vandeikya,benue_vandeikya,230120,North-Central,930.9152882,148,247.1975730949,benue_vandeikya,9.0506452764,6.8683614671
741,Sokoto,Wamako,sokoto_wamako,179619,Northwest,697.4329198,Others,257.5430480848,sokoto_wammako,5.0939684123,13.0778103141
742,Nasarawa,Wamba,nasarawa_wamba,72894,North-Central,1155.882713,113,63.063491806,nasarawa_wamba,8.6877782222,8.9774415093
743,Kano,Warawa,kano_warawa,128787,Northwest,359.9611076,148,357.7803192647,kano_warawa,8.7604541535,11.9065872703
744,Bauchi,Warji,bauchi_warji,114720,Northeast,624.9815171,Others,183.5574282777,bauchi_warji,9.7387263167,11.1601612256
745,Delta,Warri North,delta_warri_north,137300,South-South,1842.139974,Others,74.5328812891,delta_warri_north,5.2443072971,5.907672927
746,Delta,Warri South,delta_warri_south,303417,South-South,633.7679843,Others,478.7509112426,delta_warri_south,5.6102458363,5.6289011435
747,Delta,Warri South West,delta_warri_south_west,116681,South-South,1723.109198,113,67.7153834101,delta_warri_south_west,5.4106586446,5.5810528313
748,Kebbi,Wasagu/Danko,kebbi_wasagu_danko,265203,Northwest,4018.531628,Others,65.9950012965,kebbi_wasagu_danko,5.6315024258,11.4487542874
749,Plateau,Wase,plateau_wase,161714,North-Central,5027.776452,Others,32.1641189786,plateau_wase,10.2181372215,9.0717815441
750,Kano,Wudil,kano_wudil,185189,Northwest,361.7213222,Others,511.9659490175,kano_wudil,8.8791881299,11.7470630143
751,Taraba,Wukari,taraba_wukari,241546,Northeast,4305.316121,Others,56.1041264361,taraba_wukari,9.8149120317,7.9748380365
752,Sokoto,Wurno,sokoto_wurno,162307,Northwest,684.995827,Others,236.9459690154,sokoto_wurno,5.5104569866,13.245751368
753,Niger,Wushishi,niger_wushishi,81783,North-Central,1880.272354,113,43.4952946184,niger_wushishi,5.9580043319,9.6870373222
754,Sokoto,Yabo,sokoto_yabo,115011,Northwest,789.3883696,Others,145.6963447007,sokoto_yabo,4.9500229213,12.7811370502
755,Kogi,Yagba East,kogi_yagba_east,149023,North-Central,1397.065119,Others,106.6686140634,kogi_yagba_east,5.7711955218,8.1719700014
756,Kogi,Yagba West,kogi_yagba_west,140150,North-Central,1277.235686,Others,109.7291608246,kogi_yagba_west,5.5390658616,8.3159910834
757,Cross River,Yakurr,cross_river_yakurr,196450,South-South,669.587039,Others,293.3897888666,cross_river_yakurr,8.1837594839,5.8024183215
758,Cross River,Yala,cross_river_yala,210843,South-South,1738.744335,113,121.2616459797,cross_river_yala,8.5850309725,6.6571164735
759,Gombe,Yamaltu Deba,gombe_yamaltu_deba,255248,Northeast,1978.763409,148,128.9936931515,gombe_yalmatu_deba,11.4754460978,10.2612657545
760,Jigawa,Yankwashi,jigawa_yankwashi,95759,Northwest,371.15931,Others,257.9997252393,jigawa_yankwashi,8.5197146888,12.7506910702
761,Kebbi,Yauri,kebbi_yauri,88777,Northwest,1390.464385,Others,63.8470146792,kebbi_yauri,4.4990324787,11.0109582017
762,Bayelsa,Yenagoa,bayelsa_yenagoa,353344,South-South,706.5354993,Others,500.1079214704,bayelsa_yenagoa,6.3476453791,5.032351933
763,Adamawa,Yola North,adamawa_yola_north,198247,Northeast,716.6815687,Others,276.6179690648,adamawa_yola_north,12.3714699798,9.2381111324
764,Adamawa,Yola South,adamawa_yola_south,194607,Northeast,112.5914137,Others,1728.4355316697,adamawa_yola_south,12.4118433951,9.2551727492
765,Taraba,Yorro,taraba_yorro,89410,Northeast,1274.047923,148,70.1778939284,taraba_yorro,11.5424643524,8.8962862519
766,Yobe,Yunusari,yobe_yunusari,125821,Northeast,3785.590281,113,33.2368245532,yobe_yunusari,11.7665581948,13.1000166402
767,Yobe,Yusufari,yobe_yusufari,111086,Northeast,3925.016532,148,28.3020463976,yobe_yusufari,10.8930541182,13.1773655658
768,Bauchi,Zakki,bauchi_zakki,191457,Northeast,1475.193111,Others,129.7843642113,bauchi_zakki,10.364877065,12.241146679
769,Katsina,Zango,katsina_zango,154743,Northwest,601.3395364,Others,257.3304940606,katsina_zango,8.5421475625,12.9382876246
770,Kaduna,Zangon Kataf,kaduna_zangon_kataf,316370,Northwest,2667.340256,Others,118.6087898941,kaduna_zangon_kataf,8.2365799616,9.8404360823
771,Kaduna,Zaria,kaduna_zaria,408198,Northwest,299.8297607,Others,1361.4325644226,kaduna_zaria,7.7056160147,11.0375211598
772,Taraba,Zing,taraba_zing,127363,Northeast,1029.030546,Others,123.769892444,taraba_zing,11.7448043001,8.8799276965
773,Zamfara,Zurmi,zamfara_zurmi,293837,Northwest,2835.29893,113,103.6352805311,zamfara_zurmi,6.7676018317,12.816470215
774,Kebbi,Zuru,kebbi_zuru,165547,Northwest,653.5930441,Others,253.2875793193,kebbi_zuru,5.2960936105,11.4904830665
